消費品項,class
【adidas 愛迪達】連帽外套 男,衣/上身類
32 DEGREES保暖衣,衣/上身類
ADIDAS男連帽上衣,衣/上身類
BUFFALO男短袖,衣/上身類
GERRY男外套,衣/上身類
HURLEY男連帽上衣,衣/上身類
KAWS 印花休閒上衣(長袖),衣/上身類
NAUTICA男上衣,衣/上身類
QUEENSHOP_ S 女裝 長袖 側抽皺鏤空綁帶造型上衣,衣/上身類
QUEENSHOP_ S 女裝 長袖 單肩鏤空綁帶坑條上衣,衣/上身類
QUEENSHOP_ S 女裝 長袖 鏤空造型寬版針織排釦上衣,衣/上身類
QUEENSHOP_ S 女裝 撞色綁帶設計細肩背心,衣/上身類
UT印花T恤(短袖),衣/上身類
V領麻花織紋拋袖毛衣,衣/上身類
W AIRism U領T恤(短袖),衣/上身類
W AIRism垂墜風T恤(短袖),衣/上身類
W AIRism棉質BRATOP平口背心,衣/上身類
W HT棉質EXW極暖圓領T恤(長袖),衣/上身類
W UT印花T恤(短袖),衣/上身類
W 休閒服組(短袖),衣/上身類
W 柔軟羅紋坦克背心,衣/上身類
W 嫘縈條紋開領上衣(七分袖),衣/上身類
工裝短板布勞森外套,衣/上身類
卡通刷絨衛衣,衣/上身類
印花休閒上衣(長袖),衣/上身類
石墨烯美波bra上衣,衣/上身類
有罩杯前拉鏈皮革馬甲背心 皮衣 繞頸背心,衣/上身類
男友共穿系列! 街頭風SPTK帽TEE,衣/上身類
男款黑色胸前刺繡Logo撞色拼接衣袖寬鬆棒球夾克外套,衣/上身類
挺胸美BRATOP細肩帶背心,衣/上身類
柔軟針織刷毛中高領T恤(長袖),衣/上身類
柔軟針織刷毛圓領T恤(長袖),衣/上身類
透氣吸濕柔軟滑順祕魯棉冰棉T恤,衣/上身類
軟綿綿V領長版毛衣,衣/上身類
短袖T恤,衣/上身類
長袖襯衫,衣/上身類
針織毛衣,衣/上身類
連帽外套,衣/上身類
羽絨外套,衣/上身類
防風外套,衣/上身類
棉質背心,衣/上身類
牛仔外套,衣/上身類
羊毛大衣,衣/上身類
皮革外套,衣/上身類
運動上衣,衣/上身類
高領毛衣,衣/上身類
Polo衫,衣/上身類
寬鬆長袖上衣,衣/上身類
無袖運動背心,衣/上身類
運動機能T恤,衣/上身類
內搭發熱衣,衣/上身類
壓力運動衣,衣/上身類
防曬外套,衣/上身類
薄款針織開襟衫,衣/上身類
背心式羽絨服,衣/上身類
輕薄防水夾克,衣/上身類
內裡刷毛外套,衣/上身類
牛仔襯衫,衣/上身類
羊絨高領衫,衣/上身類
短版上衣,衣/上身類
長版襯衫,衣/上身類
無袖襯衫,衣/上身類
風衣外套,衣/上身類
透氣運動上衣,衣/上身類
內搭背心,衣/上身類
保暖發熱衣,衣/上身類
BUFFALO平口褲,衣/下身類
KAWS 休閒長褲,衣/下身類
PUMA男刷毛長褲,衣/下身類
中腰免洗棉褲,衣/下身類
平口褲,衣/下身類
休閒長褲,衣/下身類
冰涼針織簍空包臀裙,衣/下身類
花花細帶微性感泳褲,衣/下身類
科克蘭平口褲四入,衣/下身類
風神紳仕免洗平口褲,衣/下身類
風神紳仕棉褲,衣/下身類
甜辣學院毛呢百褶褲裙,衣/下身類
舒芙蕾-涼感蠶絲貼合褲,衣/下身類
酷狗寶貝牛仔吊帶褲,衣/下身類
牛仔長褲,衣/下身類
休閒短褲,衣/下身類
棉質運動褲,衣/下身類
內搭褲,衣/下身類
正式西裝褲,衣/下身類
迷彩長褲,衣/下身類
高腰牛仔褲,衣/下身類
七分運動褲,衣/下身類
五分短褲,衣/下身類
哈倫褲,衣/下身類
工裝褲,衣/下身類
九分縮口褲,衣/下身類
直筒牛仔褲,衣/下身類
毛呢長褲,衣/下身類
寬鬆運動褲,衣/下身類
防水登山褲,衣/下身類
透氣跑步褲,衣/下身類
騎行緊身褲,衣/下身類
棉質睡褲,衣/下身類
羊毛保暖長褲,衣/下身類
高腰短褲,衣/下身類
西裝裙褲,衣/下身類
內襯安全褲,衣/下身類
瑜珈褲,衣/下身類
彈性縮口褲,衣/下身類
燈籠褲,衣/下身類
修身小腳褲,衣/下身類
寬褲,衣/下身類
格紋休閒褲,衣/下身類
龍蝦褲（束口褲）,衣/下身類
【adidas 愛迪達】慢跑鞋 運動鞋,衣/其它
【Jun Jun】蠶絲小方巾 絲巾 領巾,衣/其它
【P&G】ARIEL/BOLD 4D袋裝洗衣球,衣/其它
【UNDER ARMOUR】 UA 男女款 慢跑鞋 運動鞋,衣/其它
CROCODILE都會迷彩前開式雨衣,衣/其它
MUJI無印良品迷你洗衣板,衣/其它
PUMA男短襪八雙入,衣/其它
丁晴橡膠手套,衣/其它
日拋中筒免洗襪,衣/其它
半統襪,衣/其它
白色U領內衣,衣/其它
白蘭洗衣球白茶,衣/其它
白蘭洗衣球玫瑰,衣/其它
白蘭強效潔淨超濃,衣/其它
休閒襪,衣/其它
成人PE輕巧雨衣,衣/其它
防走光矽膠胸貼,衣/其它
花花削肩美胸比基尼,衣/其它
服裝,衣/其它
服飾,衣/其它
服飾品,衣/其它
兩穿式軟鋼圈成套內衣,衣/其它
洗衣服,衣/其它
活力免洗船型襪,衣/其它
家家用高級衣架彩色,衣/其它
帶胸墊睡衣 睡衣女夏季 短袖薄款 春夏天 純棉睡衣 女士睡衣,衣/其它
悠活緩壓室外拖鞋,衣/其它
清秀佳人-三角免洗褲,衣/其它
圍巾,衣/其它
無鋼圈內衣,衣/其它
琨蒂絲美腿魅惑小網彈性褲襪,衣/其它
萬聖變裝,衣/其它
運動休閒裝,衣/其它
愛德利亞STUDIOCLIP服飾,衣/其它
新式運動鞋,衣/其它
睡衣女夏季 短袖短裤睡衣 带胸垫,衣/其它
精品免洗休閒襪,衣/其它
鞋履,衣/其它
顯瘦增高時尚跟鞋 低跟包鞋 微方頭平底休閒鞋 禮鞋,衣/其它
襪子（短襪）,衣/其它
襪子（長襪）,衣/其它
秋冬毛襪,衣/其它
隱形襪,衣/其它
壓力襪,衣/其它
保暖內衣褲,衣/其它
內衣（無鋼圈）,衣/其它
內衣（運動型）,衣/其它
內褲（四角）,衣/其它
內褲（三角）,衣/其它
睡衣套裝,衣/其它
居家服,衣/其它
防曬手套,衣/其它
毛線帽,衣/其它
遮陽帽,衣/其它
防水鞋套,衣/其它
腰帶,衣/其它
皮革手套,衣/其它
紗裙內襯,衣/其它
內衣肩帶,衣/其它
吸汗內襯墊,衣/其它
腳底隱形鞋墊,衣/其它
透氣運動內衣,衣/其它
抗菌內衣褲,衣/其它
棉質睡帽,衣/其它
護膝（運動用）,衣/其它
運動護腕,衣/其它
台鐵區間車票（基隆 → 台北）,行/台鐵
台鐵自強號車票（台中 → 高雄）,行/台鐵
台鐵月台票,行/台鐵
台鐵便當（鐵路餐飲）,行/台鐵
台鐵觀光列車（環島之星）,行/台鐵
台鐵復興號車票（花蓮 → 台東）,行/台鐵
台鐵觀光列車（仲夏寶島號）,行/台鐵
台鐵鐵道紀念品購買,行/台鐵
台鐵站內自動售票機購票,行/台鐵
台鐵車廂內零食購買,行/台鐵
台鐵行李托運服務,行/台鐵
台鐵車廂升等（商務座）,行/台鐵
台鐵團體票（學校包車）,行/台鐵
台鐵訂票手續費,行/台鐵
台鐵電子票券充值,行/台鐵
台鐵電子票卡購買,行/台鐵
台鐵通勤族定期票,行/台鐵
台鐵觀光列車（太魯閣號）,行/台鐵
台鐵郵輪式列車票,行/台鐵
台鐵車站手推車租借,行/台鐵
台鐵自行車攜帶票,行/台鐵
台鐵車站儲物櫃租借,行/台鐵
台鐵候車室飲料購買,行/台鐵
台鐵平日早鳥票,行/台鐵
台鐵兒童優惠票,行/台鐵
台鐵車站接駁車,行/台鐵
台鐵車內點心購買,行/台鐵
台鐵旅遊套票（車票 + 門票）,行/台鐵
台鐵團體旅遊票,行/台鐵
台鐵公司福利票,行/台鐵
台鐵學生票（校外教學）,行/台鐵
台鐵車站周邊旅遊導覽,行/台鐵
台鐵列車內便當預訂,行/台鐵
台鐵票務更改手續費,行/台鐵
台鐵臥鋪車廂票,行/台鐵
台鐵國際遊客通行卡,行/台鐵
台鐵車廂內咖啡購買,行/台鐵
台鐵會員積分兌換票,行/台鐵
台鐵家庭套票,行/台鐵
台鐵觀光列車特色便當,行/台鐵
台鐵長者優惠票,行/台鐵
台鐵站內自動售票機充值,行/台鐵
台鐵列車內Wi-Fi使用費,行/台鐵
台鐵特殊行程包車票,行/台鐵
台鐵站內便當預購服務,行/台鐵
台鐵自助售票機充值,行/台鐵
台鐵平日促銷票,行/台鐵
台鐵貓空觀光列車票,行/台鐵
台鐵手工月台票（限量版）,行/台鐵
台鐵特快車優惠票,行/台鐵
台鐵節日加班車票,行/台鐵
台鐵行李保險服務,行/台鐵
台鐵綠島號船車聯票,行/台鐵
台鐵列車內冷飲購買,行/台鐵
台鐵推車租借服務,行/台鐵
台鐵站內按摩椅使用費,行/台鐵
台鐵青年旅行卡,行/台鐵
台鐵車票優惠券兌換,行/台鐵
台鐵公司員工折扣票,行/台鐵
台鐵觀光列車車廂租賃,行/台鐵
台鐵列車內圖書借閱服務,行/台鐵
台鐵團體旅遊票申請費,行/台鐵
台鐵長程旅遊行李配送,行/台鐵
台鐵站內便利店消費,行/台鐵
自行車輪胎更換,行/自行車
自行車打氣站費用,行/自行車
自行車燈具購買,行/自行車
自行車車架維修,行/自行車
自行車變速器更換,行/自行車
自行車車座升級,行/自行車
自行車剎車線維修,行/自行車
自行車行李架購買,行/自行車
自行車水壺架購買,行/自行車
自行車夜間反光條,行/自行車
自行車運動眼鏡購買,行/自行車
自行車專業手套,行/自行車
自行車防水車罩,行/自行車
自行車折疊鎖購買,行/自行車
自行車車鈴購買,行/自行車
自行車擋泥板安裝,行/自行車
自行車鏈條潤滑劑,行/自行車
自行車車燈更換,行/自行車
自行車水壺座安裝,行/自行車
自行車修理工具組,行/自行車
自行車專用頭盔,行/自行車
自行車運動手套,行/自行車
自行車專用踏板,行/自行車
自行車輪胎氣嘴,行/自行車
自行車手機支架購買,行/自行車
自行車碼表（速度計）,行/自行車
自行車變速器調整服務,行/自行車
自行車防水車包,行/自行車
自行車腳踏板更換,行/自行車
自行車鏈條清潔工具,行/自行車
自行車專用車架安裝,行/自行車
自行車兒童座椅購買,行/自行車
自行車防曬座墊,行/自行車
自行車專用鎖（密碼鎖）,行/自行車
自行車騎行眼鏡,行/自行車
自行車運動帽（頭巾）,行/自行車
自行車風鏡（擋風）,行/自行車
自行車反光條購買,行/自行車
自行車避震系統升級,行/自行車
自行車車座海綿墊,行/自行車
自行車專業維修工具,行/自行車
自行車打氣筒購買,行/自行車
自行車摺疊工具包,行/自行車
自行車專用車廂（置物箱）,行/自行車
自行車車輪軸承購買,行/自行車
自行車避震器升級,行/自行車
自行車碟煞更換,行/自行車
自行車鏈條潤滑劑購買,行/自行車
自行車車燈安裝服務,行/自行車
自行車變速系統調整,行/自行車
自行車車座套購買,行/自行車
自行車水壺架固定器,行/自行車
自行車兒童座椅維修,行/自行車
自行車防水車包購買,行/自行車
自行車手把維護,行/自行車
自行車輪胎防滑胎購買,行/自行車
自行車車鈴更換,行/自行車
自行車安全帽清潔服務,行/自行車
自行車專用雨衣購買,行/自行車
自行車專用工具組,行/自行車
自行車防盜設備安裝,行/自行車
自行車專用騎行襪,行/自行車
自行車手電筒（夜間騎行）,行/自行車
自行車停車架安裝,行/自行車
汽車加油（95 無鉛汽油）,行/汽車
汽車機油更換,行/汽車
汽車停車費（地下停車場）,行/汽車
高速公路過路費（ETC 代扣）,行/汽車
汽車保養（輪胎更換）,行/汽車
汽車美容（內裝清潔）,行/汽車
汽車雨刷更換,行/汽車
汽車輪胎平衡調整,行/汽車
高速公路計次票購買,行/汽車
汽車冷氣濾網更換,行/汽車
汽車GPS導航系統購買,行/汽車
汽車行車記錄器購買,行/汽車
汽車電瓶更換,行/汽車
汽車年檢費用,行/汽車
汽車租賃（短期租車）,行/汽車
汽車機油添加劑,行/汽車
汽車刮水器更換,行/汽車
車內空氣清新劑購買,行/汽車
汽車輪胎充氣服務,行/汽車
電動車充電服務,行/汽車
車輛拖吊服務,行/汽車
高速公路服務區停車費,行/汽車
汽車年檢排放測試費,行/汽車
車內除濕袋購買,行/汽車
汽車電子狗購買,行/汽車
汽車鑰匙電池更換,行/汽車
汽車內飾清潔服務,行/汽車
汽車冷氣維修,行/汽車
汽車暖風系統檢修,行/汽車
汽車打蠟美容,行/汽車
汽車輪圈更換,行/汽車
車窗隔熱紙貼膜,行/汽車
車內導航系統更新,行/汽車
自助洗車機使用費,行/汽車
車用手機支架購買,行/汽車
汽車擋風玻璃修復,行/汽車
汽車避震器更換,行/汽車
汽車剎車盤維修,行/汽車
車內地毯清洗服務,行/汽車
汽車遙控器購買,行/汽車
車內急救箱購買,行/汽車
汽車應急電源購買,行/汽車
汽車香氛片,行/汽車
汽車頂架安裝,行/汽車
車輛臨時泊車費,行/汽車
汽車車內香氛擴散器,行/汽車
汽車電動窗維修費,行/汽車
汽車保養（全車清潔）,行/汽車
車內USB充電裝置購買,行/汽車
汽車空調系統清洗,行/汽車
汽車音響設備升級,行/汽車
汽車後備箱儲物箱購買,行/汽車
汽車車頂行李架安裝,行/汽車
汽車車窗防爆膜貼膜,行/汽車
汽車擋風玻璃修補費,行/汽車
汽車內飾除味服務,行/汽車
汽車胎壓監測設備購買,行/汽車
車用吸塵器購買,行/汽車
汽車電瓶充電服務,行/汽車
汽車內飾氛圍燈安裝,行/汽車
汽車行李箱內墊購買,行/汽車
車內手機無線充電設備,行/汽車
汽車駕駛座靠墊購買,行/汽車
車輛美容（鍍膜服務）,行/汽車
車內急救包購買,行/汽車
遊覽車包車服務,行/其它
計程車車資（台北市區）,行/其它
客運車票（台北 → 花蓮）,行/其它
旅遊巴士票（環島旅遊）,行/其它
停車場月租費（商業大樓）,行/其它
95+無鉛,行/其它
95Plus無鉛,行/其它
95無鉛,行/其它
95無鉛汽油,行/其它
９５無鉛汽油,行/其它
98無鉛汽油,行/其它
Parking fee,行/其它
九二無鉛汽油,行/其它
九八無鉛,行/其它
九八無鉛汽油,行/其它
九五無鉛汽油,行/其它
停車場收入,行/其它
停車場費用,行/其它
停車費,行/其它
停車費用,行/其它
業外收入.停車場-新光三越-停車場收入,行/其它
旅遊巴士導覽行程,行/其它
城市觀光小火車票,行/其它
豪華郵輪船票（港澳航線）,行/其它
客運提早訂票折扣,行/其它
客運站內行李寄放費,行/其它
城市共享電動滑板車租賃,行/其它
路邊停車場掃碼繳費,行/其它
碼頭輪渡船票,行/其它
夜間計程車加成費,行/其它
長途大巴豪華座票,行/其它
客運車票（城際交通）,行/其它
計程車車資（夜間加成）,行/其它
觀光遊覽車租賃費,行/其它
碼頭渡輪票（港口間）,行/其它
城市觀光巴士票,行/其它
長途大巴車票,行/其它
旅遊巴士行程（含導覽）,行/其它
共享電動滑板車費用,行/其它
停車場月票（商場停車）,行/其它
移動電源租借（車站）,行/其它
租車服務（商務車）,行/其它
短程電動車租借費,行/其它
豪華郵輪船票（港口巡遊）,行/其它
城市輕軌車票,行/其它
路邊停車場計時費,行/其它
電動代步車租賃費,行/其它
停車場超時罰款,行/其它
碼頭貨物托運服務,行/其它
騎行共享單車費用,行/其它
共享汽車短租費,行/其它
計程車預約服務費,行/其它
旅遊接駁專車費用,行/其它
觀光火車票（懷舊列車）,行/其它
旅遊租車保險費用,行/其它
觀光纜車票,行/其它
高山滑雪纜車票,行/其它
市區小型巴士票,行/其它
旅遊景點接駁車票,行/其它
跨境大巴車票,行/其它
夜間接送服務費,行/其它
計程車拼車服務,行/其它
客運站內自動售票機購票,行/其它
旅遊巴士私人包車,行/其它
路邊停車計時收費,行/其它
共享電動腳踏車租借費,行/其它
旅遊景點接駁巴士票,行/其它
高速客運包月票,行/其它
城市交通一卡通充值,行/其它
長途大巴超重行李費,行/其它
碼頭輪渡車票,行/其它
豪華遊艇包船服務,行/其它
客運車內飲料購買,行/其它
觀光纜車票（山區景點）,行/其它
計程車預約費,行/其它
觀光遊覽船票,行/其它
旅遊巴士車票折扣券,行/其它
旅遊巴士導遊服務費,行/其它
旅遊大巴臨時購票費,行/其它
夜間巴士票,行/其它
國內機票（台北 → 高雄）,行/飛機
國際機票（桃園 → 東京）,行/飛機
機場接駁巴士票,行/飛機
託運行李費用（超重費）,行/飛機
飛機機上餐飲購買,行/飛機
飛機頭等艙升等費用,行/飛機
飛機商務艙貴賓室使用,行/飛機
機場快速通關服務,行/飛機
機場行李打包服務,行/飛機
國際航班登機行李超重費,行/飛機
飛機機上WiFi使用費,行/飛機
飛機機上免稅品購買,行/飛機
機場餐飲消費（候機室）,行/飛機
飛機行李加購額度,行/飛機
機場交通接駁（計程車）,行/飛機
飛機登機牌補發手續費,行/飛機
機場貴賓室消費,行/飛機
飛機機上電影付費,行/飛機
飛機行李超重費用,行/飛機
機場接駁車服務,行/飛機
飛機機上餐點升級,行/飛機
飛機機上購物（免稅品）,行/飛機
機場免費Wi-Fi升級服務,行/飛機
飛機寵物托運服務,行/飛機
機場航廈停車費,行/飛機
飛機票改期手續費,行/飛機
飛機票退票費用,行/飛機
飛機機上按摩椅使用費,行/飛機
機場行李推車租賃,行/飛機
機場巴士接送服務,行/飛機
飛機會員積分兌換手續費,行/飛機
機場VIP停車場使用費,行/飛機
飛機臨時票（候補票）,行/飛機
飛機機上耳機購買,行/飛機
飛機機上閱讀燈租借,行/飛機
飛機機上書籍購買,行/飛機
飛機頭等艙休息室使用,行/飛機
飛機延誤保險購買,行/飛機
飛機票務代理服務費,行/飛機
機場行李箱打包膜,行/飛機
飛機機上急救藥品購買,行/飛機
機場免費巴士服務,行/飛機
飛機機上飲用水購買,行/飛機
飛機快速登機通道費用,行/飛機
機場行李打包塑膜服務,行/飛機
飛機機上購物（香水）,行/飛機
飛機行李額度加購,行/飛機
飛機機上即時翻譯服務,行/飛機
機場休息室淋浴服務,行/飛機
飛機票升等手續費,行/飛機
飛機行李箱標籤購買,行/飛機
機場接駁車票,行/飛機
飛機機上充電設備租借,行/飛機
飛機機上餐點加點,行/飛機
飛機寵物籠租借服務,行/飛機
機場中轉酒店住宿,行/飛機
飛機頭等艙行李優先服務,行/飛機
飛機機上毛毯租用費,行/飛機
機場VIP巴士接送服務,行/飛機
飛機延誤補償服務,行/飛機
機場免稅商品預訂服務,行/飛機
飛機緊急通話服務費,行/飛機
機場快速過海關服務,行/飛機
高鐵車票（台北 → 台中）,行/高鐵
高鐵月票（通勤優惠）,行/高鐵
高鐵早鳥票（新竹 → 左營）,行/高鐵
高鐵自由座車票,行/高鐵
高鐵行李託運費,行/高鐵
高鐵定期票（桃園 → 台北）,行/高鐵
高鐵商務車廂票,行/高鐵
高鐵學生優惠票（台南 → 左營）,行/高鐵
高鐵長者優惠票（高雄 → 台中）,行/高鐵
高鐵信用卡紅利兌換票,行/高鐵
高鐵聯票（高鐵 + 台鐵）,行/高鐵
高鐵年票（企業通勤方案）,行/高鐵
高鐵特定時段優惠票（週末限定）,行/高鐵
高鐵週票（五日通勤專用）,行/高鐵
高鐵站內便當購買,行/高鐵
高鐵定期通勤票,行/高鐵
高鐵假日自由行套票,行/高鐵
高鐵旅行套票（高鐵 + 住宿）,行/高鐵
高鐵學生票（學期通行）,行/高鐵
高鐵公司團體票,行/高鐵
高鐵車站寄物服務,行/高鐵
高鐵商務車廂升等,行/高鐵
高鐵接駁巴士票,行/高鐵
高鐵車站內小吃購買,行/高鐵
高鐵網路購票手續費,行/高鐵
高鐵電子票卡充值,行/高鐵
高鐵殘障人士優惠票,行/高鐵
高鐵行李運送服務,行/高鐵
高鐵月台拍攝許可,行/高鐵
高鐵VIP候車室入場,行/高鐵
高鐵早鳥優惠票,行/高鐵
高鐵親子票（家庭優惠）,行/高鐵
高鐵員工票（公司福利）,行/高鐵
高鐵夜間列車票,行/高鐵
高鐵列車內購物,行/高鐵
高鐵國際遊客卡,行/高鐵
高鐵長距離票（跨縣市）,行/高鐵
高鐵週末票（雙日通行）,行/高鐵
高鐵觀光團體票,行/高鐵
高鐵車廂內飲料購買,行/高鐵
高鐵公司年票,行/高鐵
高鐵短程通勤票,行/高鐵
高鐵行李寄存費,行/高鐵
高鐵臨時票（即時購買）,行/高鐵
高鐵自助售票機購票,行/高鐵
高鐵站內行李寄存服務,行/高鐵
高鐵兒童車廂票,行/高鐵
高鐵VIP會員年卡,行/高鐵
高鐵聯名信用卡兌換票,行/高鐵
高鐵行李車廂預訂,行/高鐵
高鐵車站接駁計程車服務,行/高鐵
高鐵自由座升級為指定座位,行/高鐵
高鐵殘障座位預約,行/高鐵
高鐵行李超大件費用,行/高鐵
高鐵特殊行程拍攝許可,行/高鐵
高鐵員工親屬優惠票,行/高鐵
高鐵無線網路使用費,行/高鐵
高鐵專屬包車服務,行/高鐵
高鐵週年慶優惠票,行/高鐵
高鐵臨時改票手續費,行/高鐵
高鐵商務車廂早餐,行/高鐵
高鐵週末返鄉專案票,行/高鐵
高鐵環保杯購買（車內）,行/高鐵
高鐵車站自助行李秤,行/高鐵
機車加油（92 無鉛汽油）,行/機車
機車機油更換,行/機車
機車停車費（機車格）,行/機車
機車安全帽購買,行/機車
機車行車保險費,行/機車
機車煞車片更換,行/機車
機車大燈燈泡購買,行/機車
機車鏈條保養,行/機車
機車輪胎更換,行/機車
機車車廂維修,行/機車
機車腳踏墊購買,行/機車
機車停車棚月租費,行/機車
機車牌照登記費,行/機車
機車洗車服務,行/機車
機車租賃（短期租車）,行/機車
機車後視鏡更換,行/機車
機車鍊條上油,行/機車
機車座墊防水套,行/機車
機車電池維修,行/機車
機車剎車把手更換,行/機車
機車行李箱安裝,行/機車
機車風鏡清潔,行/機車
機車後座靠背購買,行/機車
機車行車記錄器,行/機車
機車輪胎補胎服務,行/機車
機車排氣管修理,行/機車
機車雨衣購買,行/機車
機車防盜鎖,行/機車
機車皮帶更換,行/機車
機車安全反光貼,行/機車
機車煞車油更換,行/機車
機車車罩購買,行/機車
機車腳踏板維修,行/機車
機車車廂墊,行/機車
機車防滑握把,行/機車
機車車架噴漆,行/機車
機車輪圈清潔劑,行/機車
機車座墊軟墊,行/機車
機車後座安全帶,行/機車
機車加速器修理,行/機車
機車胎壓計購買,行/機車
機車腳架更換,行/機車
機車音響系統,行/機車
機車擋泥板修復,行/機車
機車手機支架購買,行/機車
機車腳踏墊更換,行/機車
機車行李網購買,行/機車
機車排氣管升級,行/機車
機車鑰匙扣購買,行/機車
機車安全帽清洗服務,行/機車
機車車輪軸承更換,行/機車
機車車頭燈調整,行/機車
機車車架噴漆服務,行/機車
機車避震器維修,行/機車
機車行李箱更換,行/機車
機車剎車片維護,行/機車
機車風鏡安裝,行/機車
機車座墊升級（防水款）,行/機車
機車防滑把手購買,行/機車
機車鍊條清潔工具,行/機車
機車輪胎加壓服務,行/機車
機車電瓶救援服務,行/機車
機車騎行手套購買,行/機車
機車雨具（防水套裝）,行/機車
水費,住/水
單體馬桶水箱止水,住/水
自來水費（家庭用水）,住/水
自來水費（商業用水）,住/水
水塔清洗服務,住/水
淨水器濾芯更換,住/水
飲水機租賃費,住/水
水管漏水維修,住/水
抽水馬達維修,住/水
家用過濾水壺,住/水
辦公室飲水機,住/水
礦泉水桶裝配送,住/水
家用儲水設備,住/水
井水抽水設備維修,住/水
淋浴過濾器,住/水
飲水機加熱器維修,住/水
浴室水壓增強設備,住/水
辦公室飲水服務,住/水
水龍頭節水裝置,住/水
廚房濾水網,住/水
營業用大容量過濾水機,住/水
冷熱飲水機,住/水
飲水機紫外線消毒燈,住/水
直飲水過濾系統,住/水
水質測試服務,住/水
污水處理設備維護,住/水
水管疏通服務,住/水
太陽能熱水器維修,住/水
水管噴頭更換,住/水
自動補水系統,住/水
除氯淋浴過濾器,住/水
移動式水箱購買,住/水
天然氣,住/瓦斯
天然氣費,住/瓦斯
瓦斯費（家庭用瓦斯）,住/瓦斯
瓦斯費（商業用瓦斯）,住/瓦斯
瓦斯桶裝配送,住/瓦斯
天然氣爐具維修,住/瓦斯
瓦斯熱水器檢測,住/瓦斯
瓦斯管線安裝,住/瓦斯
天然氣設備升級,住/瓦斯
廚房燃氣爐更換,住/瓦斯
家用瓦斯安全閥,住/瓦斯
商業用瓦斯系統安裝,住/瓦斯
戶外烤肉瓦斯罐,住/瓦斯
液化石油氣補充,住/瓦斯
瓦斯管道清潔,住/瓦斯
天然氣流量計安裝,住/瓦斯
瓦斯防漏檢測服務,住/瓦斯
家庭瓦斯灶台清潔,住/瓦斯
快速瓦斯水加熱器,住/瓦斯
瓦斯安全鎖安裝,住/瓦斯
鋼瓶瓦斯替換,住/瓦斯
室內燃氣警報器,住/瓦斯
高樓層天然氣管線增壓,住/瓦斯
移動式瓦斯爐,住/瓦斯
烤箱燃氣管道檢修,住/瓦斯
瓦斯灶具耐熱墊,住/瓦斯
家庭用瓦斯節能裝置,住/瓦斯
瓦斯表租賃,住/瓦斯
瓦斯噴槍購買,住/瓦斯
移動式瓦斯爐維修,住/瓦斯
商業瓦斯爐更換,住/瓦斯
戶外露營用瓦斯設備,住/瓦斯
 白熊洗碗精,住/其它
【DR.WU 達爾膚】2%神經醯胺保濕精華,住/其它
【NIVEA 妮維雅】止汗爽身乳膏Pro升級版,住/其它
【tsaio上山採藥】五星飯店指定植萃洗沐組,住/其它
【VANA】Hygge no.19 實木款擴香儀,住/其它
ARIEL 室內補包,住/其它
ARIEL室內晾補,住/其它
CR-極簡日拋免洗毛浴巾旅行組,住/其它
DARLIE好來全亮白竹炭旅行組,住/其它
DARLIE好來全亮白清新薄荷牙膏,住/其它
DRWU角鯊潤澤修復精華油,住/其它
Embrace英柏絲特製角度款墊高枕,住/其它
INNISFREE綠茶保濕胺基酸潔面乳,住/其它
JUJULAND綠玫瑰涼感濕紙巾,住/其它
KS抽取式衛生紙,住/其它
LUSH沐浴香氛產品,住/其它
Mdmmd.抑菌衛生棉,住/其它
Mofusand貓福珊迪毛毯,住/其它
MSM麻將抱枕,住/其它
Room Charge,住/其它
SENSODYNE舒酸定進階護理強化琺瑯質牙膏,住/其它
大地沐浴乳,住/其它
大捲筒衛生紙,住/其它
五月花蓬厚柔頂級連續抽取式花紋衛生紙,住/其它
巴黎萊雅 髮芯修護強化洗前精華,住/其它
巴黎萊雅玻尿酸水光豐盈洗髮露,住/其它
木紋門簾桿,住/其它
不鏽鋼炒鍋三件組,住/其它
生活用品,住/其它
生活良好紙拖把,住/其它
生活屋長頸刷,住/其它
生活雜貨,住/其它
艾克思鋁合金吊,住/其它
好奇純水濕巾加厚型,住/其它
自白肌保濕潔顏,住/其它
住宿服務二人房,住/其它
住宿服務三人房,住/其它
住宿服務四人房,住/其它
住宿服務單人房,住/其它
我的心機極輕柔細緻洗臉巾,住/其它
沐浴乳,住/其它
男潤膚霜,住/其它
花仙子驅塵氏抗菌濕拖巾,住/其它
花語香膏薰衣草,住/其它
刷樂雙效纖柔牙刷,住/其它
刷樂纖柔牙刷,住/其它
妮維雅止汗乳膏,住/其它
妮維雅止汗爽身乳液 清新舒涼,住/其它
妮維雅止汗爽身噴霧 極限動力-極光炫藍男,住/其它
妮維雅美白潤膚乳液,住/其它
妮維雅無敵水感凝露,住/其它
房租,住/其它
抽取式衛生紙,住/其它
服貼水光肌套組,住/其它
空氣循環扇,住/其它
空間芬香油,住/其它
春風抽取式廚房紙巾,住/其它
柔芙抽取衛生紙,住/其它
洗手乳,住/其它
洗潔精,住/其它
洗髮精,住/其它
美姬輕柔按摩洗髮梳,住/其它
香水洗沐二合一,住/其它
倍潔雅柔軟舒適抽取式衛生紙,住/其它
家用品,住/其它
海倫仙度絲去屑洗,住/其它
海倫仙度絲去屑洗髮乳,住/其它
海倫仙度絲潔淨保濕去屑洗髮乳,住/其它
特福鍋具三件組,住/其它
租金,住/其它
馬桶棕刷附無痕掛勾,住/其它
高露潔360牙刷,住/其它
國內電信服務費用,住/其它
專科超微米潔顏泥,住/其它
康乃馨潔膚濕巾,住/其它
得意抽取式衛生紙,住/其它
掛門板式J型霧黑4勾掛架,住/其它
淨沐浴露活力運動,住/其它
菲力家族超強度清潔袋單捲,住/其它
蛋白質護髮霜,住/其它
博士倫瑞霖淨潔多效保養液,住/其它
喜多洋甘菊濕巾,住/其它
御衣坊橘子洗碗精,住/其它
森歐黎漾水樣薔薇潤澤洗髮精,住/其它
植物性潤髮乳,住/其它
減壓靠墊抬腿放腳神器床上趴睡枕,住/其它
舒酸定專業抗敏護齦牙膏,住/其它
舒潔Viva摺疊家用紙巾,住/其它
舒潔棉柔厚韌(三層)抽取衛生紙,住/其它
超級無敵大-Mushroom日風蘑菇懶骨頭沙發,住/其它
超值潔膚濕巾,住/其它
黑人抗敏感牙膏,住/其它
愛康透芯涼感棉,住/其它
碧菲絲特抗暗沉碳酸泡洗顏,住/其它
魅萱 完美修護護髮精油 ,住/其它
綠茶洗髮精,住/其它
精華霜,住/其它
嬌生pH5.5蜂蜜舒緩沐浴乳,住/其它
橄欖洗髮精,住/其它
潘婷煥活護髮素,住/其它
靠得住柔棉超薄護翼日用衛生棉,住/其它
靠得住柔棉超薄護翼衛生棉夜用,住/其它
靠得住茶樹舒涼棉日用,住/其它
靠得住溫柔宣言草本抑菌,住/其它
蕾妮亞極吸好眠晚安褲褲型夜用衛生棉100%天然棉,住/其它
霓淨思玻尿酸舒活噴霧水,住/其它
優生酒精濕巾,住/其它
環保抽取式衛生紙,住/其它
韓國isLeaf香氛順盈護髮油,住/其它
礦石香氛水芙蓉,住/其它
鐵電鍍門鉤,住/其它
家用衛生紙,住/其它
濕紙巾,住/其它
牙刷購買,住/其它
牙膏購買,住/其它
沐浴乳購買,住/其它
洗髮精購買,住/其它
柔順護髮素,住/其它
洗碗精購買,住/其它
地板清潔劑,住/其它
抗菌噴霧,住/其它
空氣清淨機濾網,住/其它
電風扇維修,住/其它
乾燥機購買,住/其它
除濕機購買,住/其它
衣櫃防潮劑,住/其它
馬桶清潔劑,住/其它
清潔刷具購買,住/其它
環保垃圾袋,住/其它
曬衣架購買,住/其它
室內拖鞋購買,住/其它
智慧門鎖安裝,住/其它
除塵濕巾,住/其它
床單套件更換,住/其它
睡眠記憶枕頭,住/其它
室內芳香劑,住/其它
地毯清潔服務,住/其它
浴巾毛巾組購買,住/其它
防水床罩,住/其它
智能家居控制器,住/其它
保險箱安裝,住/其它
 超電王10w燈泡 白,住/電
【NORTHERN 北方】11葉片式恆溫電暖爐(CF1-11),住/電
【SAMPO 聲寶】二合一手持式蒸氣掛燙機/電熨斗/蒸汽燙衣/熨斗,住/電
飛利浦黑晶爐,住/電
電費,住/電
電費（家庭用電）,住/電
電費（商業用電）,住/電
家用電線更新,住/電
插座更換與維修,住/電
照明燈具更換,住/電
緊急停電備用發電機,住/電
智慧電表安裝,住/電
電器插頭更換,住/電
開關修理,住/電
家庭用電節能設備,住/電
電壓穩壓器購買,住/電
室內燈光改裝,住/電
太陽能發電安裝,住/電
風力發電設備維護,住/電
電器過載保護設備,住/電
居家斷電應急照明燈,住/電
配電箱維修,住/電
電器延長線購買,住/電
LED 燈泡購買,住/電
電熱水器維修,住/電
空調電力調整,住/電
家庭電力升級（電表增容）,住/電
電費自動扣款手續費,住/電
室內佈線工程,住/電
廚房電源規劃,住/電
智能插座購買,住/電
戶外照明燈安裝,住/電
照明設備安裝費,住/電
電壓轉換器購買,住/電
電線走火修復工程,住/電
ObgE茶樹控油去黑頭清潔棒,其它
小掛勾,其它
【Apple Pencil 1/2代 金屬筆尖+耐磨筆尖】,其它
【Apple 蘋果】原廠Lightning 對 USB連接線,其它
【iBRIDGE】GaN 45W快充頭+PD 100W Type-C to Type-C快充線組,其它
【IPSA】流金水經典濕敷組,其它
【JOEKI】刷具收納盒,其它
【KINYO】高速USB網路轉換線-20CM(USB-RJ45),其它
【Melvita 蜜葳特】亮白雙效露雙件組,其它
【MUJI 無印良品】軟質聚乙烯收納盒/大,其它
【MUJI 無印良品】軟質聚乙烯收納盒用蓋,其它
【MUJI 無印良品】聚乙烯分裝瓶/噴霧型,其它
【NITORI 宜得利家居】物流處理費,其它
【艾諾琪】大師系列-M523 指腹遮瑕刷 化妝刷具,其它
【艾諾琪】大師系列-M524 雙頭遮瑕刷 化妝刷具,其它
【米粒森】韓國 Sungboon Editor 綠番茄毛孔去角質棉片 山葡萄維他命C亮白棉片,其它
【角落文房】UNI 三菱 UMR-1 0.38鋼珠筆筆芯,其它
【理膚寶水】B5+全面修復霜輕量版,其它
$2塑膠袋,其它
25K方格加厚定頁筆記,其它
3M 強力防水膠帶,其它
A4色彩列印ibon,其它
A4黑白列印ibon,其它
Aibo MA-12透氣鼠飆墊護腕鼠墊台灣製造,其它
ALLIE持采UV高效防曬乳EX,其它
Apple AirPods 2 無線藍芽耳機,其它
APP列印服務全錄黑白A4,其它
Calvin Klein CK 男生皮夾 ,其它
Chained Together,其它
CHIC台灣製霧面髮箍,其它
DADAISUN 烤漆BB夾6cm直,其它
E-books X75一公轉二母耳機麥克風音源轉接線3.5mm,其它
ECHO帶鉤鋼絲籃C型,其它
ELECOM EX-G人體工學無線靜音滑鼠,其它
ETUDE持久閃耀晶透唇釉,其它
FLORTTE 花洛莉亞 可愛頌三色遮瑕膏,其它
FUJIFILM 富士 Instax Mini 拍立得底片 空白底片 白邊底片,其它
G-182 0.5優質中性筆 黑,其它
GATSBY魔法激凍體用噴霧-海洋,其它
GL-252 菱格0.5自動中性筆,其它
heme 特調腮紅,其它
heme晶亮臥蠶筆-01 Champagne Gold,其它
hold黏PU可重復貼雙面膠小圓,其它
iPhone 14 系列   DAPPER⁺ 超透霧面防摔殼 14/14Pro/14ProMax,其它
KALAIFU瀏海小壓夾,其它
KINYO經典耳罩式耳機麥克風,其它
KKBOX 3 人家庭方案,其它
KOYUKO Campus活頁紙,其它
LillyAmor輕薄亮眼雙眼皮貼,其它
Logitech Pebble 2 Combo 無線藍牙鍵盤滑鼠組,其它
MAGICAL CHARGE 玩偶吊飾 魔法小桃鼠,其它
Microsoft 365 個人版一年盒裝,其它
Miffy明信片草莓白,其它
nagano熊 x 吉伊卡哇 盲盒公仔,其它
OBgE粉底棒和卸妝套盒,其它
OP花香環保袋小,其它
PCR購物袋大,其它
PCR購物袋小,其它
PLUS修正帶,其它
POLYWELL (2M)HDMI2.0/PW15-W60-G020,其它
POP MART,其它
SDI按壓式修正帶CT-205,其它
Service Charge,其它
Shopping Bag,其它
SKULLPANDA Image Of Reality Series Figures,其它
SolidSuit for iPhone 15 Pro,其它
Solone 大藝術家玩色刷具,其它
Solone 訂製舒芙蕾海綿/彈力訂製舒芙蕾海綿,其它
Solone 訂製熨斗型指套Q粉撲,其它
Solone 海綿專屬收納盒,其它
Solone 特級植絨定妝撲 短絨系列,其它
Solone 專屬速乾洗刷噴霧,其它
Solone 補水柔焦妝前精華,其它
Solone 榛果訂製刷具 杏烤奶霜系列,其它
Solone 榛果訂製球形定妝刷,其它
Solone硫光自訂指緣油玫瑰潤澤,其它
SONY WH-1000XM5 降噪藍牙耳罩式耳機,其它
STUDIO A-其他,其它
SuSu舒舒小蘇菜瓜布,其它
TOEIC Listening and Reading Test                            ,其它
TRC Traveler’s Notebook 黃銅夾-TRC LOGO,其它
Uber One 訂閱費,其它
Wallpaper Engine,其它
Work Advantage 2 (w/MP3),其它
WW霧面塑膠直傘,其它
人頭費,其它
力松烤肉刷,其它
三折黑膠防曬自動傘,其它
三菱UMR-83鋼珠筆替芯,其它
小白兔暖暖包,其它
女包 側背包 半月包,其它
中藥材,其它
太陽光電電場發電,其它
手續費,其它
文具用品,其它
日本製-三層收納盒-霧透,其它
月費,其它
水砂紙,其它
不鏽鋼掛式砧板刀架,其它
不鏽鋼置物毛巾架,其它
不鏽鋼廚用雙層置物架,其它
不鏽鋼牆角架,其它
不鏽鋼雙層牆角架,其它
付款手續費收入,其它
代收手續費,其它
加購細蠟燭/支,其它
卡套鑰匙圈 魔法海獺,其它
去味大師鞋消臭,其它
可手撕隱形膠帶,其它
可重複使用提袋,其它
可疊加透明收納展示架,其它
史邁爾衛生套12入-超薄型,其它
四維OPP單卷包膠帶,其它
外送費,其它
外燴背心袋,其它
平口提袋,其它
平板玻璃,其它
平面顯示器用玻璃基板,其它
本色2.0筆芯 圓頭,其它
本色長方2B4B橡皮,其它
甘蔗吸管,其它
白色紙膠含膠台,其它
石英晶體振盪器,其它
艾杜紗 絕不失手眼線膠筆,其它
匠人系迷你無瑕粉底刷 MF21,其它
名泰免洗紙杯,其它
多晶矽太陽能電池,其它
多晶矽晶片,其它
多晶矽晶碇,其它
安全裝置火石打火機,其它
尖嘴鉗 鎳合金 ,其它
有吉簽名卡,其它
耳感記憶日本語能力測驗n4文法附有聲CD,其它
肌研光透潤瞬效補水面膜,其它
邦尼利得BONNYREAD飾品,其它
免洗筷,其它
我的心機小蒼蘭柔順乾洗髮噴霧,其它
男自動開收傘,其它
身份法體系解題完全攻略律師司法官高考法研所,其它
兒童BB夾,其它
其他,其它
屈臣氏袖珍面紙10抽28入柴犬工房,其它
服務費,其它
服務費和其他費用,其它
杯袋,其它
泡泡瑪特||名品配件,其它
牧羊犬比澤爾造型飲料套鑰匙圈,其它
物流處理費(EC),其它
物流費,其它
物流費用 (運費),其它
玩偶吊飾,其它
玩偶吊飾 生日兔兔,其它
玩偶吊飾 暗黑超魔法小八貓,其它
矽晶圓,其它
金門一條根,其它
金屬彩色BB夾,其它
兩用內凹圓角裁剪器,其它
易拭型橡皮擦,其它
保鮮盒,其它
恆久完美無瑕持妝粉底,其它
恆久完美霧光氣墊粉餅 菱格版,其它
恆久完美霧光氣墊粉餅補充蕊,其它
星星BB夾,其它
歪頭奶瓶,其它
玻璃容器,其它
玻璃纖維絲,其它
紅包袋,其它
美舒律蒸氣眼罩組,其它
耐洗不沾油菜瓜布,其它
背銀漿,其它
訂票手續費,其它
原生木漿影印紙,其它
夏威夷噴瓶,其它
悅康棉織品,其它
時尚收納盤,其它
烤肉竹籤,其它
紙碗,其它
紙盤,其它
莉婕絲逸歡造型定型噴霧,其它
記憶體積體電路,其它
造型蠟燭-大臉花,其它
馬力磁力驅動無軸封泵浦不含馬達,其它
旅行用插座附2USB,其它
倫敦登喜路ＳＬ藍７毫克,其它
倫敦登喜路精裁濃縮香菸,其它
乾洗消臭清潔慕斯 安全帽再也不髒臭,其它
剪髮,其它
商用訓練椅 舉重椅 多功能訓練椅 健身,其它
喵喵相癒 貓日曆,其它
國民溜溜筆,其它
基本O束5入,其它
專門店Specialty Stores,其它
專業造型尖尾梳 多功能長尾梳 防靜電刮梳 美髮師專用,其它
強化玻璃,其它
排骨圓形紙,其它
掛繩-抗敏背帶掛繩-海軍藍,其它
掛繩夾片-灰,其它
教練課程,其它
曼秀雷敦Acnes痘痘貼-極致薄 綜合型,其它
曼秀雷敦Acnes痘痘貼-隱透型,其它
曼秀雷敦抗菌痘痘貼-小痘痘專用,其它
曼秀雷敦薄荷修護潤唇膏,其它
清透持妝粉底液,其它
清潔費,其它
視舒坦康復力人工淚液點眼液,其它
軟毛刷 小 ,其它
麥迪森沖洗用食鹽水,其它
凱婷 零瑕肌密柔霧粉底液,其它
創Q Space-智能生活用品-3C及周邊配件,其它
勝利_ars3200白,其它
單晶矽太陽能電池,其它
單結晶矽電池,其它
單層瓦楞紙箱,其它
就是這本刑法總則體系解題書,其它
提袋,其它
提提研超級纖維面膜,其它
插電感應式水龍頭,其它
晶片電阻,其它
晶碩彩色月拋樂森林系列,其它
游泳池校內人士,其它
無印良品,其它
無印良品MUJI,其它
無極限定妝噴霧,其它
無極限持妝輕蜜粉,其它
無極限控油妝前乳,其它
無極限霧光蜜粉餅組,其它
無線滑鼠,其它
琦洛麗矽水膠月拋,其它
短毛貓洗澡,其它
筆記型電腦,其它
筆記型電腦照相機模組,其它
筆記型電腦電源線,其它
筆記型電腦鍵盤,其它
筆記型電腦觸控板,其它
絲花化妝棉,其它
舒適牌防滑輕便刀,其它
舒潔迪士尼紙手帕,其它
舒潔雪潤舒鼻紙手帕,其它
舒潔濕式面紙,其它
貼片電容,其它
超值O束全黑,其它
超值組超彈O束全黑,其它
超值精裝橡皮筋大黑,其它
超細纖維擦拭布,其它
超魔法吉伊卡哇 迷你壓克力吊飾 扭蛋,其它
運動用品,其它
運費,其它
雄獅簽字筆 紅 ,其它
黑大橡皮筋(夾鏈包),其它
黑小橡皮筋,其它
黑金剛明火點火槍,其它
塑膠袋,其它
煤油,其它
碗,其它
置物箱使用費,其它
電池感應式水龍頭,其它
電解電容,其它
雷諾瓦,其它
零粉感超持久粉底,其它
零售兩杯飲料袋,其它
碧菲絲特即淨卸妝棉,其它
綜合服務,其它
輕量磨砂霧透不鏽鋼剪刀- 川藍,其它
鋁框迷你鏡,其它
精品珠寶,其它
澎澎尾巴吊飾 小八貓,其它
熱熔膠,其它
線上購票手續費,其它
膠帶,其它
輝柏2001握得住多功能削筆器,其它
銷售用購物袋,其它
髮飾,其它
數位迷彩步槍彈袋,其它
樂品框式立鏡,其它
樂品深層潔淨卸妝棉,其它
樂品輕旅行分裝袋,其它
積層陶瓷電容,其它
靜音減震運動跳繩墊 雙面防滑健身墊 跳繩毯 舞蹈墊,其它
優筆霖雙滾軸,其它
環保手提袋,其它
環保背心袋,其它
購物袋,其它
購物袋 吉伊卡哇,其它
購物袋-特大,其它
藥品,其它
雙層瓦楞紙箱,其它
霧面怪手夾-流線型,其它
禮品,其它
寶特瓶,其它
魔女帽吊飾-音符,其它
魔幻糖果月拋,其它
蘭韻紙纖化妝棉,其它
蠟燭,其它
邏輯積體電路,其它
鱷魚無蟑殺蟑餌劑,其它
小太陽愛文芒果金,食/水果類
水梨,食/水果類
牛心蕃茄,食/水果類
台灣上等蕉,食/水果類
台灣香蕉重量分享包,食/水果類
冰品果汁,食/水果類
百香青木瓜,食/水果類
每日C100%葡萄綜合果汁瓶,食/水果類
沁涼西瓜,食/水果類
波蜜低卡蔬果汁,食/水果類
長野麝香葡萄禮盒,食/水果類
珍珠芭樂,食/水果類
紅玉綠葡萄 ,食/水果類
紅蘋大吉嶺蘋果,食/水果類
美國無籽綠葡萄,食/水果類
香蕉產銷履歷,食/水果類
紐西蘭加拉蘋果,食/水果類
紐西蘭奇異果,食/水果類
產銷履歷香蕉,食/水果類
盒裝榴槤冷藏,食/水果類
進口冷凍金枕頭榴槤,食/水果類
陽光金圓頭,食/水果類
植物的優草莓,食/水果類
植物的優葡萄,食/水果類
葡萄,食/水果類
園之味100%柳橙汁,食/水果類
聖德科斯奇異果蘋果綜合果汁,食/水果類
聖德科斯桑椹莓果綜合果汁,食/水果類
綜合水果繽紛杯,食/水果類
臺灣大西瓜,食/水果類
摩斯蘋果汁,食/水果類
蘋果汁,食/水果類
蘋果（富士品種）,食/水果類
香蕉（有機黃金蕉）,食/水果類
芒果（愛文芒果）,食/水果類
葡萄（無籽綠葡萄）,食/水果類
櫻桃（進口紅櫻桃）,食/水果類
木瓜（紅心木瓜）,食/水果類
奇異果（綠果黃果混合）,食/水果類
鳳梨（金鑽鳳梨）,食/水果類
草莓（冬季限定）,食/水果類
藍莓（鮮果包裝）,食/水果類
柳丁（鮮榨果汁用）,食/水果類
西瓜（夏季清涼水果）,食/水果類
哈密瓜（甜美果香）,食/水果類
李子（青李與紅李）,食/水果類
無花果（生食與乾果皆可）,食/水果類
桃子（蜜桃品種）,食/水果類
橘子（小青柑）,食/水果類
柿子（甜柿）,食/水果類
龍眼（蜜甜多汁）,食/水果類
蓮霧（鮮紅多汁）,食/水果類
 唐揚套餐,食/肉類
椒麻雞塊,食/肉類
6吋雙份肉料,食/肉類
O雪花牛+活菌黑豚,食/肉類
ROASTED HALF CHICKEN,食/肉類
一配滿滿泰式雞腿卷,食/肉類
卜蜂義式雞胸,食/肉類
大火山火山極致蒜香壽喜牛,食/肉類
小肉豆,食/肉類
小時厚牛排,食/肉類
元祖燒餃子,食/肉類
元進莊薑母鴨,食/肉類
牛肉串,食/肉類
牛肉咖哩 中,食/肉類
牛肉捲,食/肉類
六塊麥克雞塊,食/肉類
六塊雞,食/肉類
加購六塊雞,食/肉類
加購四雞塊,食/肉類
加購原腿/排,食/肉類
古早味香滷嫩雞胸,食/肉類
台糖前腿肉絲,食/肉類
台糖絞肉,食/肉類
台灣嫩雞胸肉,食/肉類
台灣精選梅花豬,食/肉類
四塊麥克雞塊,食/肉類
玉米水餃,食/肉類
玉米豬肉手工水餃,食/肉類
全家炸雞餐,食/肉類
老饕豬排,食/肉類
老饕雞腿排,食/肉類
豆皮牛肉串,食/肉類
冷藏台灣豬背骨,食/肉類
冷藏澳洲穀飼牛梅花火鍋肉片,食/肉類
味王筍絲焢肉,食/肉類
味王調理包紅燒牛,食/肉類
咖哩雞肉水餃,食/肉類
招牌水餃,食/肉類
松阪豬,食/肉類
法式舒肥嫩雞胸,食/肉類
法蘭克牛排,食/肉類
青花椒香麻脆雞k,食/肉類
厚切腰內豬排,食/肉類
威靈頓牛排,食/肉類
星—黃金霸王腿條,食/肉類
炸雞腿,食/肉類
紅魔鬼雞排,食/肉類
美牛胸腹火鍋片,食/肉類
美國五花牛,食/肉類
美國板腱牛肉,食/肉類
美國雪花牛肉,食/肉類
美國翼板牛舌雙拼套餐,食/肉類
香烤雞肉,食/肉類
香蒜排骨酥,食/肉類
香辣霸王雞球,食/肉類
香雞排,食/肉類
剝皮辣椒牛肉串,食/肉類
剝皮辣椒豬肉串,食/肉類
原6腿排分享盒,食/肉類
原味豬肉貢丸,食/肉類
桂丁土雞胸肉切片,食/肉類
海底撈麻辣烤翅腿,食/肉類
海底撈麻辣雞球,食/肉類
烤大雞腿/支,食/肉類
烤盤-美國牛五花,食/肉類
秘香椒麻嫩雞胸,食/肉類
莎莎雞腿捲,食/肉類
紐西蘭菲力,食/肉類
梅花豬肉,食/肉類
豚五花肉,食/肉類
雪花羊,食/肉類
頂級無骨牛小排-7分熟,食/肉類
博客墨西哥風味辣雞胸,食/肉類
御料小館X世界的山將夢幻雞翅,食/肉類
御料小館招牌水餃,食/肉類
御料小館美式香辣雞丁,食/肉類
御料小館香辣炸雞球,食/肉類
御料小館辣味雞柳條,食/肉類
椒麻雞胸肉,食/肉類
椒鹽鹽酥雞,食/肉類
焙煎咖哩豆腐牛,食/肉類
硬硬的炸雞雞,食/肉類
舒肥嫩雞胸早午餐,食/肉類
葡萄豬肉串,食/肉類
黃金豬排咖哩,食/肉類
黑毛梅花豬套餐,食/肉類
黑胡椒雞柳條,食/肉類
晴木千層豬排,食/肉類
愛呷肉-上選豬肉,食/肉類
愛呷肉-雪花牛肉,食/肉類
愛呷菜-上選豬肉,食/肉類
摃丸,食/肉類
煙燻脆雞,食/肉類
義式經典嫩雞胸,食/肉類
辣腿/排,食/肉類
摩斯雞塊,食/肉類
澳牛嫩腿心火片,食/肉類
澳洲牛五花火片,食/肉類
澳洲牛嫩腿心炒肉絲,食/肉類
澳洲板腱牛排,食/肉類
澳洲霜降牛,食/肉類
熟成牛板腱套餐,食/肉類
豬五花火鍋肉片,食/肉類
豬肉,食/肉類
豬肉不帶骨,食/肉類
豬里肌火鍋肉片,食/肉類
豬肋排帶骨,食/肉類
豬後腿肉片,食/肉類
豬胸排骨切塊,食/肉類
豬梅花火鍋肉片,食/肉類
餐-十塊雞,食/肉類
餐-六塊雞,食/肉類
﻿餐-勁辣雞腿,食/肉類
餐-麥香雞,食/肉類
餐-椒麻十塊雞,食/肉類
餐-嫩煎雞腿,食/肉類
餐-辣六塊雞,食/肉類
餐-雙四盎司牛,食/肉類
餐-雙層牛肉,食/肉類
糖醋炸雞,食/肉類
翼板牛排 ,食/肉類
霜降豬肉不帶骨,食/肉類
韓式炸雞,食/肉類
韓式辣炒五花肉,食/肉類
鮮嫩雞腿肉,食/肉類
聯夏宮保雞丁,食/肉類
雞二節翅,食/肉類
雞柳串,食/肉類
雞塊20分享盒,食/肉類
雞腿肉,食/肉類
雞腿串,食/肉類
雞腿排鍋套餐,食/肉類
爐烤雞腿排早午餐,食/肉類
鐵板黑胡椒嫩雞胸,食/肉類
鹽烤牛舌,食/肉類
鹽漬手切嫩雞胸,食/肉類
鹽醬牛五花,食/肉類
灣仔碼頭水餃-川香麻辣豬肉,食/肉類
三福黑糖嫩豆花,食/豆類
大漢傳統板豆腐,食/豆類
中華火鍋豆腐,食/豆類
中華有機豆腐,食/豆類
中華凍豆腐(盒),食/豆類
中華超嫩豆腐(非基因改造黃豆),食/豆類
中華雞蛋豆腐非基改,食/豆類
台農初農鮮蛋,食/豆類
白豆漿,食/豆類
皮蛋豆腐,食/豆類
北海道小粒納豆,食/豆類
光泉無加糖鮮豆漿,食/豆類
光泉鮮豆漿,食/豆類
百頁豆腐,食/豆類
豆皮,食/豆類
豆豆濃一一油豆腐,食/豆類
豆漿,食/豆類
油豆腐,食/豆類
炸豆腐,食/豆類
素火腿,食/豆類
麻糬豆花,食/豆類
無糖豆漿,食/豆類
猴頭菇素火腿,食/豆類
統一陽光陽光黃金豆豆漿,食/豆類
統一陽光無糖高纖豆漿,食/豆類
黑豆漿,食/豆類
傳貴有機無糖豆漿,食/豆類
微藻素火腿,食/豆類
煙燻素火腿,食/豆類
義美古早傳統無糖豆奶,食/豆類
義美厚豆奶,食/豆類
義美厚豆花,食/豆類
義美高纖全豆豆奶,食/豆類
義美高纖堅果杏仁全豆奶,食/豆類
義美堅果杏仁全豆奶,食/豆類
義美無加糖厚濃豆奶,食/豆類
義美傳統料理板豆腐非基因改造黃豆,食/豆類
義美鮮嫩豆腐非基改,食/豆類
蔭豆豉,食/豆類
蔭油膏,食/豆類
零添加純釀醬油,食/豆類
滷非基改大黑干,食/豆類
鮮腐竹,食/豆類
醬油高蛋白豆片釀造,食/豆類
醬油黃豆釀造,食/豆類
醬油黑豆釀造,食/豆類
光泉富維他牛乳,食/乳品類
豐力富全脂鮮奶,食/乳品類
【KLIM 克寧】高鈣成長牛乳,食/乳品類
AB草莓優酪乳,食/乳品類
AB無加糖優酪乳,食/乳品類
AB優酪乳-原,食/乳品類
Base n U高蛋白可可牛乳,食/乳品類
Base n U高蛋白香蕉牛乳,食/乳品類
LCA活菌原味發酵乳,食/乳品類
ＬＣＡ活菌清爽發酵乳,食/乳品類
Lp33機能優酪乳,食/乳品類
一番鮮全脂鮮乳,食/乳品類
可可牛奶,食/乳品類
光泉木瓜牛乳,食/乳品類
光泉杯裝麥芽牛乳,食/乳品類
光泉特濃５．１豆漿,食/乳品類
光泉高鈣牛乳,食/乳品類
光泉無加糖優酪乳,食/乳品類
光泉優質蛋白巧克力牛奶,食/乳品類
味全果汁牛乳,食/乳品類
金草莓-草莓牛奶,食/乳品類
金蘋果調味乳蘋果風味,食/乳品類
金蘋果蘋果牛奶乳飲品,食/乳品類
林鳳營全脂鮮乳,食/乳品類
科克蘭全脂鮮乳,食/乳品類
桑葚優格飲-減糖版,食/乳品類
莓果穀物優酪,食/乳品類
高纖全豆豆奶,食/乳品類
雪比無加糖生優格,食/乳品類
晶典小品-黑糖奶酪,食/乳品類
焙烏龍鮮奶,食/乳品類
統一木瓜牛奶,食/乳品類
統一木瓜牛乳,食/乳品類
統一多多牛奶,食/乳品類
統一多多活菌發酵乳牛奶口味,食/乳品類
統一多多活菌發酵乳草莓口味,食/乳品類
瑞穗全脂鮮奶,食/乳品類
瑞穗低脂鮮乳,食/乳品類
瑞穗鮮奶低脂,食/乳品類
瑞穗鮮乳-全脂,食/乳品類
瑞穗鮮乳-全脂鮮乳,食/乳品類
瑞穗鮮乳-低脂鮮乳,食/乳品類
瑞穗鮮乳低脂,食/乳品類
瑞穗蘋果牛奶,食/乳品類
福樂Q果葡萄奇異果優酪,食/乳品類
福樂一番鮮鮮乳,食/乳品類
綠穗濃奶,食/乳品類
麝香葡萄生乳酪塔,食/乳品類
【大研生醫】德國DHA80%兒童魚油,食/其它
Chicken Salad with Minty Lime Sauce,食/其它
(A)*PH9.0鹼性離子水,食/其它
(A)*台鹽海洋鹼性離子水,食/其它
(小)早美紅茶,食/其它
(吊)厚燒玉子,食/其它
(吊)博客Q肉丁德國香腸香蒜,食/其它
(吊)滿漢小香腸(椒麻),食/其它
(吊)滿漢小香腸(蒜味),食/其它
【OOHA】氣泡飲 水蜜桃烏龍茶 易開罐,食/其它
【OOHA】氣泡飲 柚子海鹽 易開罐,食/其它
【OOHA】氣泡飲 檸檬蜂蜜口味易開罐,食/其它
【PH9.0】鹼性離子水,食/其它
【美粒果】零加糖蘋果/葡萄蘇打隨型罐,食/其它
【純淨專科】挪威 85% Omega-3 rTG 高濃度魚油 (EPA+DHA),食/其它
【麥香】300mlx3箱(任選紅茶/奶茶/綠茶),食/其它
【路易莎咖啡】下午茶組合(大伯爵水果茶+伯爵柚香波士頓派),食/其它
*左岸咖啡館-無加糖拿鐵咖啡,食/其它
*左岸咖啡館奶茶,食/其它
*冰蜂蜜奶茶,食/其它
*原萃鐵觀音PET580,食/其它
*泰山純水PET700,食/其它
*純喫茶紅茶481ml(盒),食/其它
21Plus椒香胡麻雞肉麵沙拉,食/其它
21Plus義式烤雞堅果沙拉,食/其它
6吋義大利經典,食/其它
A01_大薯+$1多1,食/其它
A04_六塊雞+$1多1,食/其它
AW口香糖極酷,食/其它
A套餐 餅乾,食/其它
Birute布魯特氣泡礦泉水,食/其它
BMS黑糖雪點奶茶-中熱,食/其它
BOURBON 帆船餅乾,食/其它
Caffe Latte-Hot,食/其它
Campari金巴利利口酒,食/其它
CASTELLO卡司得洛氣泡天然礦泉水,食/其它
COLD STONE/餐飲,食/其它
C冰紅茶_小,食/其它
DyDo日式拿鐵咖,食/其它
Energy Time機能凍飲_元氣PLUS,食/其它
Energy Time機能凍飲_電解質PLUS,食/其它
FIJI斐濟天然礦泉水,食/其它
ＦＩＮ補給飲料,食/其它
ＦＭＣ天然水,食/其它
ＦＭＣ日月潭紅玉紅茶,食/其它
ＦＭＣ古早味紅茶,食/其它
ＦＭＣ四季春青茶,食/其它
FMC旨味日式綠,食/其它
FMC芒果冰茶,食/其它
ＦＭＣ玫瑰蜂蜜水,食/其它
ＦＭＣ金萱二十七,食/其它
FMC葡萄柚綠茶,食/其它
ＦＭＣ蜂蜜水,食/其它
FMC翡翠檸檬茶,食/其它
FMC樂多綠茶,食/其它
FMC橙柚百香綠茶,食/其它
ＦＭＣ濃醇馥列白,食/其它
ＦＭＣ薰衣草蜂蜜水,食/其它
ＦＭＣ檸檬氣泡水,食/其它
ＦＭＣ鹼性離子水,食/其它
FY17 COLD DRINK,食/其它
Homeal x 石二鍋 爆香石頭鍋,食/其它
iseLect紅茶,食/其它
iseLect梅子風味綠茶,食/其它
KIRIN午後紅茶-奶茶,食/其它
KIRIN冰結調酒-華麗白葡萄,食/其它
KitKat抹茶可可風味餅乾,食/其它
L 咖啡拿鐵-大冰,食/其它
L 咖啡拿鐵-大熱,食/其它
Light 鹼性水大,食/其它
LOTTE爽冰淇淋-巨峰葡萄口味,食/其它
Lotus巧克力風味派-抹茶味,食/其它
M＆Ms牛奶糖衣巧克力,食/其它
MG 芒果綠茶-大冰,食/其它
Niseko北海道牛奶巧酥雪糕,食/其它
OG 柳橙綠茶-大冰,食/其它
OREO冰炫風,食/其它
O手切雞腿肉鍋,食/其它
PAPAYA MILK ICE CREAM,食/其它
PG 百香綠茶,食/其它
PH9.0鹼性離子水,食/其它
RENT VATTEN PURE WATER,食/其它
Roselle Tea,食/其它
SCR小農雪點鮮奶茶,食/其它
SL莊園拿鐵-大冰,食/其它
SL莊園拿鐵-大熱,食/其它
STARBUCKS/輕食/咖啡,食/其它
Tangerine Yerba Mate Tea,食/其它
Tieguanyin Tea Basque Cheese Cake,食/其它
ＹＯＩ鹼性水,食/其它
一分糖/微冰/仙草凍/,食/其它
一分糖/微冰/綠茶凍/,食/其它
一本有機石榴紅康普茶,食/其它
一番抹茶鮮奶茶,食/其它
二中可樂_1送1,食/其它
三起司熱狗,食/其它
三得利白色沙瓦,食/其它
三得利微醉雞尾酒-梅酒蘇打,食/其它
三福鮮奶油布蕾,食/其它
土芒果青鮮果乾,食/其它
大 阿華田拿鐵,食/其它
大 珍珠紅茶拿鐵,食/其它
大冰特濃經典拿鐵,食/其它
大吸館寒天冬瓜檸檬ＱＱ,食/其它
大臣賞冠軍茶匠焙茶鮮奶茶,食/其它
大杯那堤雙杯組,食/其它
大武山動福蛋白,食/其它
大特濃經典拿鐵（冰／熱）,食/其它
大腸臭臭鍋(豬肉),食/其它
大熱特濃經典拿鐵,食/其它
大熱焙茶拿鐵,食/其它
大鍋湯,食/其它
小吃,食/其它
小吃Food Court,食/其它
小杯冷飲,食/其它
小菜,食/其它
小農雪點鮮奶茶,食/其它
小路蘋果蛋糕,食/其它
小德薯濃厚茄汁,食/其它
中冰美式,食/其它
中祥地瓜酥原味,食/其它
中零卡可樂,食/其它
元本山脆烤甜辣,食/其它
元氣有理綜合B群+C1000,食/其它
元氣阿甘剝皮瘦肉湯,食/其它
午后時光重乳可可奶茶,食/其它
午后時光重乳奶茶,食/其它
午后時光重乳茉莉綠奶茶,食/其它
午餐  Set A 湯,食/其它
天仁茗茶 茶飲.茶葉相關產品,食/其它
天仁飲品,食/其它
天空之月桃梅酒,食/其它
太妃奶茶,食/其它
太和殿大骨煲湯,食/其它
手採阿里山金萱,食/其它
手採紅茶,食/其它
手提便當袋,食/其它
日本DYDO世界一無糖黑咖啡,食/其它
日本大雷神巧克力餅乾,食/其它
日本幸之香草莓迷你泡芙,食/其它
日式巧克力泡芙,食/其它
日式料理,食/其它
木瓜牛奶霜淇淋,食/其它
比菲多減糖纖維,食/其它
水晶巧克力蛋糕,食/其它
水語乳酸菌飲料,食/其它
水蠻牛維他命Ｂ補給飲料,食/其它
火腿洋芋沙拉,食/其它
牛奶口味霜淇淋,食/其它
牛奶雪糕,食/其它
不沾手番茄芥末醬,食/其它
冬瓜菁,食/其它
冬瓜檸檬,食/其它
加購藍莓派,食/其它
卡士達麻糬泡芙,食/其它
卡布奇諾,食/其它
卡迪那95°C北海道風味薯條,食/其它
卡迪那德州薯條茄汁口味,食/其它
古早味濃紅茶,食/其它
古道梅子綠茶瓶,食/其它
可口奶滋隨手分享包,食/其它
可口雪碧,食/其它
可可布朗冰炫風,食/其它
可可紅茶-全糖,食/其它
可可脆片莎莎,食/其它
可可雲朵慕斯蛋糕,食/其它
可可瑪奇朵,食/其它
可可歐雷,食/其它
可果美野菜一日100%綜合蔬果汁,食/其它
可爾必思,食/其它
可爾必思葡萄飲,食/其它
可樂,食/其它
可樂-中,食/其它
可樂娜,食/其它
可麗露 ,食/其它
台啤微醺芭樂蓮霧330ml罐裝,食/其它
台鹽海洋鹼性水,食/其它
台鹽海洋鹼性離子水,食/其它
四季春青茶,食/其它
四季珍椰青,食/其它
四神湯,食/其它
奶茶,食/其它
奶蓋烏龍茶,食/其它
尼尼_餐飲主題餐廳      ,食/其它
左岸咖啡館拿鐵咖啡,食/其它
左岸咖啡館無加糖拿鐵,食/其它
左岸無加糖拿鐵,食/其它
巧克力QQ球,食/其它
巧克力牛奶蛋糕,食/其它
巧克力可可,食/其它
巧克力可可碎片奶,食/其它
巧克力米派,食/其它
巧克力威化餅,食/其它
巧克力軟餅乾,食/其它
巧克力麻糬泡芙,食/其它
巧克力湯種,食/其它
巧酥白巧克力雪糕,食/其它
布丁燒諾曼地,食/其它
本家厚奶蕎麥,食/其它
札幌味噌鍋,食/其它
玄澤鐵觀音,食/其它
玉米湯-大,食/其它
玉米湯-小,食/其它
玉米濃湯,食/其它
玉堂春茶王,食/其它
玉蜀黍,食/其它
甘蔗四季,食/其它
甘蔗菁茶,食/其它
甘蔗綠茶,食/其它
生巧克力派—雙層巧克力口味,食/其它
生活芒果泥紅茶,食/其它
生活良好壽喜燒醬,食/其它
生活泡沫綠茶,食/其它
生活雜貨食品,食/其它
白玉歐蕾(中),食/其它
白葡萄ＱＱ糖巧克力球,食/其它
北海鱈魚香絲-細,食/其它
立頓奶茶,食/其它
立頓巧克力奶,食/其它
立頓英式奶茶,食/其它
立頓原味奶茶,食/其它
立頓琥珀紅茶,食/其它
仲夏芒果冰沙,食/其它
伊佐茶序,食/其它
伊藤園綠茶,食/其它
光泉冰釀紅茶,食/其它
光泉茉香柚茶,食/其它
光泉茉莉茶園-蜜茶,食/其它
光泉茉莉蜜茶,食/其它
光泉蘋果紅茶,食/其它
全家Fami霜淇淋,食/其它
再睡５分鐘棉被日安紅雪派,食/其它
冰火(乳酸沙瓦口味),食/其它
冰火葡萄伏特加,食/其它
冰奶香蜂蜜甜梨風味紅茶,食/其它
冰巧克力可可歐蕾大,食/其它
冰那堤,食/其它
冰那堤V杯,食/其它
冰那堤大,食/其它
冰品,食/其它
冰珍珠椰果四季春,食/其它
冰紅茶,食/其它
冰紅茶-大,食/其它
冰紅茶-中,食/其它
冰黑糖珍珠撞奶,食/其它
冰蜂蜜紅茶,食/其它
冰福吉茶那堤V,食/其它
冰蜜柚紅茶,食/其它
冰醇濃抹茶那堤,食/其它
冰檸檬紅茶,食/其它
冰鎮芭樂綠茶,食/其它
冰鎮葡萄鮮冰茶,食/其它
冰鎮檸檬紅茶,食/其它
吃果籽-檸檬愛玉吸凍飲,食/其它
名間鄉冬片仔,食/其它
吸館西柚椰果蜜香冰茶,食/其它
多多活菌發酵乳牛奶口味,食/其它
多多活菌發酵乳草莓口味,食/其它
多那之,食/其它
多喝水鹼性竹炭水,食/其它
有飲椪糖紅茶,食/其它
百事可樂,食/其它
百奇香蕉棒,食/其它
百香果綠茶,食/其它
百香翡翠冰茶,食/其它
百香熱帶水果茶午茶組(HOT),食/其它
百香雙響,食/其它
肉球葡萄波堤,食/其它
自然主意米厘胡椒蔥蘇打餅,食/其它
自然主意奇亞籽鑽石鹽藍藻蔥餅,食/其它
芋頭牛奶霜淇淋,食/其它
芒果茶王,食/其它
芝士奶蓋春烏龍,食/其它
芝士奶蓋焙烏龍,食/其它
芝麻麻糬塔,食/其它
那堤V杯,食/其它
那堤大,食/其它
老實人紅茶,食/其它
老叢鐵觀音,食/其它
伯朗絲絨奶茶,食/其它
伯爵可可奶蓋雪糕,食/其它
伯爵核桃軟餅乾片,食/其它
完熟蔬菜番茄-大,食/其它
杏仁凍五桐茶,食/其它
杜老爺脆皮巧克,食/其它
每朝健康-雙纖綠茶,食/其它
每朝健康綠茶,食/其它
沐凜龜記茗品 飲品,食/其它
沖繩久米島深海微礦水,食/其它
芬達橘子易開罐,食/其它
芭樂霜淇淋,食/其它
芭樂檸檬綠茶,食/其它
貝涅餅 (原味）,食/其它
貝納頌特濃拿鐵,食/其它
赤丸玉子,食/其它
阿里山金萱,食/其它
阿里山蜜柚烏龍,食/其它
阿奇儂Ｘ鮮乳坊白巧克力戀乳雪糕,食/其它
阿奇儂雪糕,食/其它
阿華田麥芽夾心,食/其它
冷泡茶冰釀烏龍,食/其它
乳酪熱狗捲,食/其它
京都抹茶,食/其它
呦皮QQ糖超值組合餐,食/其它
味丹冬瓜茶,食/其它
味丹多喝水,食/其它
味丹青草茶,食/其它
味噌,食/其它
味噌湯,食/其它
和風豆腐沙拉,食/其它
咖哩醬,食/其它
咖啡拿鐵,食/其它
咖啡廳Coffee Shops ＆ Tea Salons,食/其它
奇多隨口脆兩倍濃起司玉米脆,食/其它
岩紅厚奶茶,食/其它
岩漿巧克力蛋糕,食/其它
岩燒海苔洋芋片,食/其它
抹茶那提,食/其它
抹茶熔岩蛋糕,食/其它
招牌石頭,食/其它
招牌石頭加乾魷魚一份,食/其它
招牌紅奶茶,食/其它
旺旺果粒多葡萄,食/其它
旺家補給水飲,食/其它
昂舒巴黎伯爵奶蓋泡芙,食/其它
明治即攻元氣機能飲-胺基酸,食/其它
服務費用,食/其它
杯裝經典１１７咖啡霜淇淋,食/其它
松露生巧克力蛋糕,食/其它
果漾蘋果風味蘇打飲料,食/其它
枝仔冰城濃厚榴槤雪,食/其它
油切蕎麥茶,食/其它
法式千層蛋糕,食/其它
波力小隊棉花糖,食/其它
波士頓提拉米蘇,食/其它
波的多洋芋片蚵仔煎辣味口味,食/其它
波蜜１００％一日芒果蔬果汁,食/其它
波蜜果菜汁,食/其它
波蜜極品紅茶,食/其它
玫瑰蜜香茶那堤大,食/其它
耶誕可可波堤,食/其它
耶誕抹茶波堤,食/其它
耶誕蘋果波堤,食/其它
英式奶茶,食/其它
英式奶綠,食/其它
英式紅茶,食/其它
茉莉卡布奇諾-全糖,食/其它
茉莉茶園－蜜茶,食/其它
茉莉茶園金橙紅柚茉莉茶,食/其它
茉莉茶園蜜茶,食/其它
茉莉茶園蜜蘋香橙伯爵茶,食/其它
青菜豆腐蛋花湯,食/其它
青蜜香檸凍,食/其它
青檸烏龍,食/其它
金大鋤及小蒙牛精緻鍋物,食/其它
金色三麥-蜂蜜,食/其它
金品輕乳酪肉醬,食/其它
金莎3粒裝,食/其它
金牌台灣啤酒,食/其它
金黃芝士熱狗,食/其它
金蜜紅茶中,食/其它
金銀蒜頭蛤蜊明星雞湯,食/其它
金橙紅柚茉莉,食/其它
金檸熟成(大),食/其它
拉蓓超能纖汁綜合果蔬汁,食/其它
易口舒勁爽薄荷錠,食/其它
炙烤明太子雙寶,食/其它
保力達檸檬—C片,食/其它
勇伯地瓜酥-原味,食/其它
南投翠峰冷泡茶,食/其它
品客大阪章魚燒,食/其它
品客手羽先風味,食/其它
哈尼午茉綠霜淇淋,食/其它
哈瑞寶鈕扣Q軟糖,食/其它
客家桔醬,食/其它
思樂冰大杯-蜂蜜泡泡思樂冰,食/其它
思樂冰大杯可口可樂,食/其它
思樂冰特大杯-芬達綠茶風味,食/其它
挺立鈣強力錠,食/其它
政泰 無籽冰心話梅,食/其它
星—蒸蛋湯,食/其它
星太郎超寬條餅-勁辣口味,食/其它
星巴克咖啡,食/其它
春烏龍,食/其它
柚香覺醒307,食/其它
柿餅,食/其它
活力滿點早餐,食/其它
活益比菲多-綠茶多酚,食/其它
活益比菲多減糖配方,食/其它
珍珠奶,食/其它
珍珠奶茶,食/其它
珍珠芝麻歐蕾,食/其它
皇家拿鐵,食/其它
砂糖含二砂特砂細砂,食/其它
﻿紅牛能量飲料,食/其它
紅玉紅茶,食/其它
紅玉茶香那堤,食/其它
紅玉熟成,食/其它
紅茶,食/其它
紅茶花伝皇家紅,食/其它
紅茶拿鐵(熱),食/其它
美式冰咖啡(大),食/其它
美式軟餅乾-黑紳士咖啡巧克力片,食/其它
美式黑咖啡-中冰,食/其它
美食街,食/其它
美粒果蜜桃蘇打,食/其它
胡椒豬肚湯,食/其它
草莓巧克力波堤,食/其它
草莓波堤,食/其它
草莓厚奶茶,食/其它
草莓覆盆子水果茶午茶組,食/其它
荔枝冰茶凍飲,食/其它
食用醋酒粕醋,食/其它
食用醋糯米醋,食/其它
食用鹽,食/其它
食品,食/其它
食品飲食,食/其它
香吉士芭樂果汁飲料,食/其它
香草卡士達泡芙,食/其它
香草酷奶昔,食/其它
香草蘋果香頌,食/其它
香蒜湯種,食/其它
香濃牛奶鍋,食/其它
香濃叻沙鍋,食/其它
香濃蒜味鍋,食/其它
柳丁綠茶,食/其它
柳橙汁,食/其它
柳橙檸檬綠茶,食/其它
茶,食/其它
茶茶抹茶生乳捲,食/其它
茶裏王日式無糖綠茶,食/其它
茶裏王日式綠茶,食/其它
茶裏王台式綠茶,食/其它
茶裏王伯爵紅茶,食/其它
茶裏王英式紅茶,食/其它
個人軟歐-雙拼章牛,食/其它
健酪乳酸原味,食/其它
健酪乳酸飲料,食/其它
凍檸茶,食/其它
剝皮辣椒明星雞湯,食/其它
原味本舖麥仔茶,食/其它
原味肉肉鍋,食/其它
原萃日式綠茶,食/其它
原萃冷萃日式深蒸綠茶,食/其它
原萃冷萃春笠青茶,食/其它
原萃烏龍茶,食/其它
原萃綠茶-玉露,食/其它
原萃綠茶玉露,食/其它
原萃錫蘭無糖紅茶,食/其它
夏日冰柚冷萃V,食/其它
家常起司隨口脆,食/其它
悅氏麥仔茶,食/其它
悅氏礦泉水,食/其它
拿鐵,食/其它
拿鐵冰咖啡(大),食/其它
拿鐵冰咖啡(特大),食/其它
拿鐵咖啡(H),食/其它
拿鐵熱咖啡,食/其它
拿鐵鮮奶咖啡,食/其它
桂冠蛋餃(盒),食/其它
桔香冰梅綠,食/其它
泰山仙草蜜,食/其它
泰山冰鎮水果,食/其它
泰山冰鎮葡萄鮮冰茶,食/其它
泰山冰鎮檸檬紅,食/其它
泰山純水,食/其它
泰勒伯爵鮮奶茶,食/其它
泰濃郁!奶茶風味霜淇淋,食/其它
海帶鮮魚味噌湯,食/其它
海鮮干貝湯,食/其它
烏龍,食/其它
烘焙食品,食/其它
特色小菜,食/其它
特賣會能量餐,食/其它
特選馥郁那堤V,食/其它
特濃經典拿鐵,食/其它
瓶裝水,食/其它
真傳紅茶,食/其它
真露青葡萄燒酎,食/其它
粉角冬瓜茶,食/其它
粉角紅茶,食/其它
粉粿桂花檸檬,食/其它
粉粿黑糖奶茶,食/其它
純喫茶芭樂綠茶,食/其它
純喫茶紅茶,食/其它
純喫茶綠茶,食/其它
純喫茶鮮柚綠茶,食/其它
純喫茶檸檬綠茶,食/其它
素沙茶醬,食/其它
脆脆巧克力波堤,食/其它
貢丸湯,食/其它
起司Q彈球,食/其它
起司牛奶鍋,食/其它
馬祖新村/餐飲,食/其它
高山烏龍茶,食/其它
高冷烏龍,食/其它
高粱酒,食/其它
高纖蘇打-新纖薯,食/其它
烈日火山紅茶,食/其它
紐西蘭嫩羊肩鍋套餐,食/其它
乾炒牛河:加點套餐 – 鴛鴦-凍,食/其它
商品電子兌換憑證165元星享飲料券,食/其它
商品電子兌換憑證檸檬塔,食/其它
國農重黑巧克力拿鐵玻璃,食/其它
培根高麗菜,食/其它
康寶 2人金黃玉,食/其它
張君雅五香海苔,食/其它
張君雅日式串燒,食/其它
彩蔬洋芋火腿沙拉,食/其它
悠旅STARBUCKS 咖啡.點心,食/其它
掬水軒高纖蘇打,食/其它
梅花豬肉鍋套餐,食/其它
梅花豬鍋,食/其它
液糖含特製與轉化液糖,食/其它
涵碧美饌 紅心芭樂梅釀綠茶,食/其它
盛味綜合丸,食/其它
盛香珍曲奇巧克,食/其它
盛香珍花生煎餅,食/其它
盛香珍法式鹽之花蝴蝶酥,食/其它
盛香珍海鹽焦糖千層酥,食/其它
盛香珍捲酥巧克,食/其它
舶來紅茶,食/其它
菜頭湯,食/其它
蛋捲冰淇淋,食/其它
雀巢茶品檸檬茶,食/其它
雪花冷露(大),食/其它
雪花豬肉鍋套餐,食/其它
雪碧-中,食/其它
雪碧汽水,食/其它
雪碧易開罐,食/其它
魚丸湯,食/其它
麥香錫蘭奶茶,食/其它
麥當勞大蛋捲冰淇淋即享券,食/其它
麥當勞餐飲,食/其它
凱薩雞肉沙拉餐,食/其它
喫茶趣ToGo-餐飲-茶飲,食/其它
喬亞滴濾拿鐵咖啡,食/其它
喬亞滴濾無糖黑咖啡,食/其它
單-焙香決明大麥,食/其它
寒天-檸檬口味,食/其它
御茶園冰釀麥萃麥茶,食/其它
御茶園冰釀綠茶,食/其它
御茶園特上紅茶,食/其它
御茶園特撰日式綠茶,食/其它
御茶園特撰冰釀綠茶,食/其它
御茶園麥萃麥茶,食/其它
御茶園極生茶,食/其它
斯里蘭卡錫蘭紅茶,食/其它
普洱,食/其它
晶英藥膳排骨湯,食/其它
最完美手沖泰奶,食/其它
棒打老鹽檸檬綠妍,食/其它
森永果汁果實冰,食/其它
森永果汁果實冰(麝香葡萄),食/其它
森永嗨啾軟糖-乳酸口味,食/其它
椒麻香辣熱狗,食/其它
椪糖奶霜紅茶,食/其它
極品牛肉湯/小碗,食/其它
極品限定巧克力,食/其它
極酷嗆涼冰炫薄荷超值包,食/其它
極酷嗆涼重量包,食/其它
港式凍檸茶,食/其它
湖池屋辣唐辛子,食/其它
焙烏龍,食/其它
焙烏龍奶茶,食/其它
無花果伯爵蛋糕,食/其它
無籽冰梅肉,食/其它
無糖紅,食/其它
無糖綠茶小,食/其它
無糖綠茶中,食/其它
焦香椪糖四季春,食/其它
焦糖烤布蕾,食/其它
焦糖起司蛋糕,食/其它
番茄醬,食/其它
統一PH9‧0鹼性離子水,食/其它
統一ＰＨ９鹼性離子水,食/其它
統一UNI water純水,食/其它
統一布丁霜淇淋,食/其它
統一生機葡萄乾,食/其它
統一生機新纖蕎麥餅,食/其它
統一香腸蒜味,食/其它
統一麥香奶茶,食/其它
舒跑Energy能量飲料,食/其它
舒跑運動飲料,食/其它
舒跑鹼性離子水,食/其它
萬家香醃烤肉醬,食/其它
萬家香鰹魚露,食/其它
葡式蛋塔4入,食/其它
葡萄乾司康,食/其它
蛤蜊絲瓜,食/其它
超值B套餐,食/其它
酥爆海苔原味,食/其它
雲霧烏龍,食/其它
飲冰室茶集烏龍奶茶,食/其它
飲冰室茶集綠奶茶,食/其它
飲品,食/其它
飲料,食/其它
黃金烏龍,食/其它
黃金蕎麥奶茶,食/其它
黑丸古早味紅茶凍,食/其它
黑咖啡,食/其它
黑面蔡古早紅茶,食/其它
黑森林波士頓,食/其它
黑森林波士頓派,食/其它
黑蜜歐蕾(中),食/其它
異國小吃,食/其它
園之味柳橙,食/其它
奧利多水碳酸飲料,食/其它
奧利奧奇寶巧克力雙,食/其它
奧利奧原味夾心餅乾,食/其它
微醉白色沙瓦雞尾酒,食/其它
微醉乳酸雞尾酒,食/其它
微醉梅酒蘇打,食/其它
微醉雞尾酒白色沙瓦,食/其它
微醉雞尾酒乳酸,食/其它
愛之味寒天檸檬,食/其它
愛爾蘭咖啡塔,食/其它
新冰仙女紅茶,食/其它
新貴派-花生,食/其它
新感覺花生夾心,食/其它
新熱仙女紅茶,食/其它
楊枝甘露,食/其它
溏心蛋洋芋,食/其它
煙燻鮭魚光合沙拉,食/其它
經典１１７咖啡霜淇淋,食/其它
經典五桐茶,食/其它
經典台灣啤酒,食/其它
經典冰巧克力,食/其它
經典法式千層薄餅,食/其它
經典美式,食/其它
經典原味熱狗,食/其它
經典原味鍋,食/其它
經典起司蛋糕,食/其它
經典黑炫牛奶酷繽沙,食/其它
經典瑪格莉特 ,食/其它
義美仙草甘茶,食/其它
義美仙草甘茶-無加糖,食/其它
義美無糖台灣四季春,食/其它
義美葡萄QQ糖巧克球,食/其它
義美酸梅湯,食/其它
義美錫蘭紅茶,食/其它
聖雷蒙奶油白醬,食/其它
蒜好好蒜頭雞湯,食/其它
蒜香胡椒鍋,食/其它
蒜香綜合滷味,食/其它
蜂蜜茶,食/其它
蜂蜜烏龍茶,食/其它
蜂蜜檸檬,食/其它
誠意奶茶,食/其它
農搾芭樂綜合飲,食/其它
農搾柳丁綜合果茶,食/其它
農搾檸檬飲,食/其它
零卡可,食/其它
零卡可-中,食/其它
福德生活可可布蕾,食/其它
福德生活雞蛋布蕾,食/其它
福樂超能蛋白營養牛乳堅果可可,食/其它
飯館,食/其它
嘎滋草莓波堤,食/其它
嫩仙草凍奶,食/其它
樺達奶茶,食/其它
樺達硬喉糖甘草金桔薄荷,食/其它
樺達硬喉糖檸檬薄荷,食/其它
滿足好食雙人餐,食/其它
瑪德蓮-原味,食/其它
綺夢紅茶,食/其它
蔥鹽雞肉麵沙拉,食/其它
蜜柚紅茶,食/其它
蜜香紅,食/其它
蜜蜂故事館蜂蜜檸檬水,食/其它
蜜糖巧克力波堤,食/其它
蜜糖波堤,食/其它
輕食咖啡廳,食/其它
輕烏龍,食/其它
輕焙穀麥茶,食/其它
酸奶洋蔥爆米花,食/其它
酸辣湯,食/其它
隨-濃萃拿鐵,食/其它
養樂多300發酵,食/其它
養樂多青茶,食/其它
鳳梨酥,食/其它
鳳梨煎茶(H),食/其它
綠豆沙牛奶,食/其它
綠茶,食/其它
綠茶凍五桐奶茶,食/其它
綠茶擂茶,食/其它
精力湯,食/其它
精選英式紅拿,食/其它
澳洲蔗糖,食/其它
澳洲糖蜜,食/其它
熟成牛五花鍋套餐,食/其它
熟成冷露(大),食/其它
熟成板腱牛肉鍋套餐小,食/其它
熟成紅茶歐蕾,食/其它
熟稱歐蕾,食/其它
熱狗蛋沙拉,食/其它
熱厚濃靜岡抹茶拿鐵,食/其它
熱紅茶,食/其它
熱美式,食/其它
熱黑糖珍珠撞奶,食/其它
蕎麥鮮奶茶,食/其它
豬肉湯種,食/其它
醇黑巧克力千層,食/其它
醇濃抹茶那堤,食/其它
黎花院蘇打餅泡菜風味,食/其它
樂事九州岩燒海苔洋芋片,食/其它
樂事大波浪海苔,食/其它
樂事自然美味海鹽口味洋芋片,食/其它
樂事自然美味薄切地瓜原味,食/其它
樂事美國經典原味洋芋片,食/其它
樂維根奶茶組合,食/其它
擂茶,食/其它
橋村辣醬熱狗,食/其它
濃萃美式冰咖啡(大),食/其它
濃萃拿鐵冰咖啡(大),食/其它
濃韻烏龍茶,食/其它
燒仙草,食/其它
錫蘭紅茶,食/其它
餐品,食/其它
餐食,食/其它
餐費,食/其它
餐飲,食/其它
餐飲小吃,食/其它
餐飲食品,食/其它
餐飲費,食/其它
鴛鴦鍋,食/其它
諾曼地牛奶蛋糕,食/其它
優多綠,食/其它
優果甜坊仙草凍,食/其它
優格波堤,食/其它
優酪春烏龍,食/其它
檬龍雨(含粉條),食/其它
購物袋-大袋PPI,食/其它
贅澤八女抹茶拿鐵,食/其它
霜淇淋不限口味,食/其它
韓式泡菜豬肉鍋,食/其它
韓樂燒酒(草莓風味),食/其它
鮮奶冬瓜,食/其它
鮮芋仙嫩仙草凍,食/其它
鮮乳脆皮泡芙,食/其它
龍角散喉糖,食/其它
檸檬春烏龍,食/其它
檸檬風味紅茶,食/其它
檸檬塔,食/其它
藝伎紅茶,食/其它
醬燒手羽,食/其它
雙倍OR冰炫風,食/其它
雙料巧克力波堤,食/其它
雙層巧克力波堤,食/其它
懷舊冰沙,食/其它
蘋果派,食/其它
蘋果紅萱,食/其它
關東煮盛合,食/其它
龐貝藍鑽特級琴酒,食/其它
蘆筍蝦手卷,食/其它
麗芝士威化餅,食/其它
寶礦力水得,食/其它
糯香奶茶,食/其它
饗食天堂,食/其它
魔爪能量碳酸飲料,食/其它
魔爪碳酸能量飲,食/其它
鐵觀音烏龍茶,食/其它
鶴記茶凍奶茶,食/其它
鹽焦糖巧克力波堤,食/其它
鹽蔥雙牛蔬滿盒,食/其它
【愛之味】牛奶花生,食/油脂與堅果類
大豆沙拉油,食/油脂與堅果類
四乘六葵花瓜子,食/油脂與堅果類
奶油奶酥菠蘿油,食/油脂與堅果類
芝麻油,食/油脂與堅果類
芝麻粉,食/油脂與堅果類
芝麻醬,食/油脂與堅果類
花生,食/油脂與堅果類
花生油,食/油脂與堅果類
烘焙南瓜子,食/油脂與堅果類
烤酥油,食/油脂與堅果類
清麻油,食/油脂與堅果類
麻辣小魚花生,食/油脂與堅果類
萬歲牌和風堅果,食/油脂與堅果類
萬歲牌總匯點心包,食/油脂與堅果類
葵花油,食/油脂與堅果類
黑麻油,食/油脂與堅果類
新纖生活日式薄燒-新纖甘栗,食/油脂與堅果類
瑪琪琳,食/油脂與堅果類
精製豬油,食/油脂與堅果類
精緻牛油,食/油脂與堅果類
橄欖油（初榨冷壓）,食/油脂與堅果類
葡萄籽油（高溫烹飪用）,食/油脂與堅果類
酪梨油（沙拉調味）,食/油脂與堅果類
椰子油（烘焙用）,食/油脂與堅果類
花生油（中式炒菜用）,食/油脂與堅果類
杏仁（生食）,食/油脂與堅果類
核桃（健康零食）,食/油脂與堅果類
腰果（無鹽烘焙）,食/油脂與堅果類
開心果（鹽焗）,食/油脂與堅果類
榛果（巧克力製作）,食/油脂與堅果類
亞麻仁油（Omega-3 補充）,食/油脂與堅果類
南瓜子（堅果混合包）,食/油脂與堅果類
葵花籽油（家用食用油）,食/油脂與堅果類
松子（沙拉拌料）,食/油脂與堅果類
栗子（糖炒）,食/油脂與堅果類
大豆油（食用油）,食/油脂與堅果類
山茶花油（煎炒兩用）,食/油脂與堅果類
竹筍籽油（高溫煎炸）,食/油脂與堅果類
杏仁果醬（全素食用）,食/油脂與堅果類
無鹽綜合堅果（健康點心）,食/油脂與堅果類
$1原蛋,食/蛋類
STEAMED EGG,食/蛋類
日式溫泉蛋,食/蛋類
石安白煮蛋,食/蛋類
石安牧場溫泉蛋,食/蛋類
自遊雞非籠飼雞蛋,食/蛋類
所長經典茶葉蛋,食/蛋類
紅殼雞蛋,食/蛋類
茶葉蛋,食/蛋類
茶葉蛋（銷售用）,食/蛋類
茶碗蒸,食/蛋類
茶碗蒸（海鮮風味）,食/蛋類
茶碗蒸雞肉玉米,食/蛋類
扇貝茶碗蒸,食/蛋類
秘製醬炸蛋,食/蛋類
單溫泉蛋,食/蛋類
富翁一級棒紅殼鮮雞蛋,食/蛋類
瑞牧平飼動福蛋,食/蛋類
滷蛋,食/蛋類
優蛋白蛋捲餐,食/蛋類
韓式蝦醬烘蛋,食/蛋類
雞蛋,食/蛋類
雞蛋（一般白蛋）,食/蛋類
土雞蛋（散養雞蛋）,食/蛋類
鵪鶉蛋（小顆蛋白質豐富）,食/蛋類
鴨蛋（鹹蛋製作用）,食/蛋類
皮蛋（傳統加工蛋）,食/蛋類
茶葉蛋（便利店熱食）,食/蛋類
生蛋黃（日式拉麵用）,食/蛋類
全蛋液（烘焙專用）,食/蛋類
蛋白液（低脂蛋白質來源）,食/蛋類
生蛋（健康飲品用）,食/蛋類
鹹蛋黃（粽子餡料）,食/蛋類
烤蛋（燒烤小吃）,食/蛋類
溫泉蛋（低溫熟成蛋）,食/蛋類
酸奶雞蛋（早餐搭配）,食/蛋類
蒸蛋（家常料理）,食/蛋類
烘蛋（西式早餐）,食/蛋類
雞蛋布丁（甜點製作原料）,食/蛋類
蛋酥（中式糕點用）,食/蛋類
蛋黃醬（三明治調味）,食/蛋類
荷包蛋（早餐煎蛋）,食/蛋類
七星鱸,食/魚類
大比目魚切片大,食/魚類
大火山奶香火山龍蝦舞干貝,食/魚類
台灣鯛,食/魚類
必點的炸魚皮,食/魚類
老火酸菜魚,食/魚類
尬鍋海鮮拼盤,食/魚類
沙漏魚皮,食/魚類
花枝天婦羅,食/魚類
冷藏鮭魚輪切挪威,食/魚類
松露起士蝦球,食/魚類
泡椒魚+老火魚,食/魚類
英式炸魚,食/魚類
挪威鮮鯖魚切片無鹽,食/魚類
泰國蝦,食/魚類
海味干貝,食/魚類
海鮮捲,食/魚類
特選鮭魚厚切,食/魚類
盒裝去殼牡蠣,食/魚類
智利銀鮭輪切(盒),食/魚類
黃金魚板,食/魚類
溜溜酸菜魚,食/魚類
酸菜魚中,食/魚類
養殖文蛤,食/魚類
養殖石斑魚活體,食/魚類
養殖石斑魚條凍,食/魚類
養殖吳郭魚冷凍魚片,食/魚類
養殖冷凍白蝦,食/魚類
鳳尾蝦仁,食/魚類
薄鹽鯖魚,食/魚類
韓國晉州JinJu四重起司魚板棒,食/魚類
鮭魚三味,食/魚類
鮭魚日切,食/魚類
鮮嫩魚下巴,食/魚類
雙月乾蚵,食/魚類
鯖魚柴魚花,食/魚類
鯛魚腹片中,食/魚類
羅勒鮭魚肚,食/魚類
鰹魚柴魚花,食/魚類
壽司大綜合,食/穀類
.套餐腿庫飯,食/穀類
(區)烤地瓜30元,食/穀類
(區)烤地瓜35元,食/穀類
(區)烤地瓜40元,食/穀類
(區)現蒸地瓜35元,食/穀類
(區)現蒸地瓜45元,食/穀類
(熱壓土司)丹麥鮪魚起司,食/穀類
(熱壓土司)青醬雞絲,食/穀類
(熱壓土司)厚起司蛋,食/穀類
統一陽光糙米漿,食/穀類
３０元指定飯糰,食/穀類
99麥香雞餐,食/穀類
MISTER DONUT,食/穀類
QQ白米飯,食/穀類
一配日曬葡萄小土司,食/穀類
一配巧克力菠蘿,食/穀類
一配芝麻海苔香鬆細卷,食/穀類
一配香蒜起司麵包,食/穀類
一配壹號醬炙烤牛飯糰,食/穀類
一配雙莓乳酪爆擊貝果,食/穀類
一配鹽蔥燒肉飯糰,食/穀類
一鍋燒-滑蛋嫩雞親子丼,食/穀類
二配大納言紅豆鬆餅,食/穀類
二配大飯糰辣醬魷魚,食/穀類
二配大飯糰韓式烤牛肉,食/穀類
﻿二配大飯糰韓式烤牛肉,食/穀類
二配小白鹽味飯糰,食/穀類
二配手工拔絲麵包,食/穀類
二配日式稻荷壽司,食/穀類
二配芝麻鐵觀音鬆餅,食/穀類
二配伯爵可可鬆餅,食/穀類
二配起司熱狗雙享麵包,食/穀類
二配陽光葡萄土司,食/穀類
二配熱狗麵包,食/穀類
二配醇濃黑巧鬆餅,食/穀類
二配濃抹茶麻吉麵包,食/穀類
二配藍莓夾心土司,食/穀類
二配鹽蔥燒肉飯糰,食/穀類
刀削麵,食/穀類
三起司燻培根焗麵,食/穀類
三種肉醬寬麵佐ricotta 起司,食/穀類
丸龜製麵,食/穀類
大口美式牛肉堡飯糰,食/穀類
大玉成山東饅頭,食/穀類
大玉成麩皮饅頭,食/穀類
大玉成鮮肉包,食/穀類
大芝心海鮮比薩,食/穀類
大師兄銷魂麵,食/穀類
大麥雙蛋白豬肉堡,食/穀類
大飯糰辣醬魷魚,食/穀類
大飯糰韓式豆芽烤牛肉,食/穀類
大熱燕麥奶拿鐵,食/穀類
大魯肉飯,食/穀類
大薯,食/穀類
大飄香魯肉飯,食/穀類
小可頌,食/穀類
小麥粉,食/穀類
小薯,食/穀類
小龍蝦魚卵飯糰,食/穀類
小飄香魯肉飯,食/穀類
山穀米台梗,食/穀類
分享配-大薯,食/穀類
方型白吐司,食/穀類
方塊薯餅,食/穀類
日安可頌,食/穀類
日式蕎麥沾麵,食/穀類
日式蕎麥風味麵,食/穀類
日式燒肉堡,食/穀類
日式醬燒炒麵,食/穀類
木曜-秘製炸醬麵新極大飯糰,食/穀類
木曜麻辣小龍蝦新極大飯糰,食/穀類
爪哇咖哩飯,食/穀類
王子麵,食/穀類
丹麥起司火腿,食/穀類
不倒翁Ｑ純麵條,食/穀類
加麻糬QQ球,食/穀類
加購-雞汁風味飯,食/穀類
加購地瓜球,食/穀類
古早味油蔥麵線,食/穀類
古早味乾麵,食/穀類
台酒花雕酸菜牛肉麵,食/穀類
台酒花雕雞麵,食/穀類
台酒紅標米酒麻油雞麵,食/穀類
台灣東利多丸龜製麵烏龍麵,食/穀類
夯馬鈴薯,食/穀類
巧克力丹麥鬆餅,食/穀類
巧克力菠蘿,食/穀類
本場讚岐烏龍麵,食/穀類
正逢義大利麵-長麵,食/穀類
﻿玉米鍋貼,食/穀類
田家千層叉燒烤餅,食/穀類
白吐司(條),食/穀類
白飯,食/穀類
石安牧場溏心蛋飯糰,食/穀類
光泉米漿,食/穀類
光泉紫米燕麥糙米漿,食/穀類
冰火菠蘿油,食/穀類
冰黑糖珍珠燕麥奶,食/穀類
冰搖鹹楓糖燕麥V,食/穀類
吉士豬肉堡加蛋,食/穀類
好時-巧克力核桃歐式麵包,食/穀類
好時-愛餡大亨巧克力軟法,食/穀類
宇治金時鬆餅,食/穀類
有機小麥粉,食/穀類
有機全麥粉,食/穀類
有機越光米,食/穀類
有機裸麥土司,食/穀類
有機麩皮胚芽粉,食/穀類
朴大哥-泡菜燒肉三角飯糰,食/穀類
米果綜合果梅味,食/穀類
米堡薑汁燒肉,食/穀類
肉蛋(米干),食/穀類
肉絲黃金蛋炒飯,食/穀類
肉鬆火腿三明治,食/穀類
芋香米台梗,食/穀類
芝麻海苔香鬆細卷,食/穀類
芝麻鰹魚烏龍冷麵,食/穀類
老油條,食/穀類
佛卡夏-田園火腿,食/穀類
貝比馬鈴薯,食/穀類
良質米高雄,食/穀類
里肌百匯三明治,食/穀類
京都稻荷壽司,食/穀類
味王王子麵,食/穀類
呷七碗櫻花蝦炒炊粉,食/穀類
和風涓絲冷麵,食/穀類
垂坤-海苔鬆餅,食/穀類
帕瑪森雞腿堡,食/穀類
幸福餐盒魚,食/穀類
府城鹽水風味意麵,食/穀類
抹茶紅豆捲餡土司,食/穀類
招牌牛肉拉麵,食/穀類
招牌乾麵,食/穀類
招牌鍋貼,食/穀類
松露烤雞麵,食/穀類
法吐蔬菜-火腿,食/穀類
法式里肌三明治,食/穀類
法式迷你羊角,食/穀類
法式香濃奶醬海鮮飯,食/穀類
炊粉,食/穀類
牧場綜合披薩,食/穀類
茄汁海鮮義大利麵 ,食/穀類
阜杭豆漿-經典飯糰,食/穀類
青花椒卡啦雞腿堡,食/穀類
青花椒桂丁雞翅腿,食/穀類
青花椒麻雞肉拌麵,食/穀類
青醬蛤蜊義大利麵,食/穀類
青醬雞肉燉飯 ,食/穀類
金脆雞棒腿便當,食/穀類
金黃波浪地瓜條小份,食/穀類
拉麵,食/穀類
來一客韓式泡菜杯麵,食/穀類
林聰明-雞肉飯飯糰,食/穀類
炙烤燒豚烤飯糰,食/穀類
炙燒明太子鮭魚飯糰,食/穀類
南義火辣牛哨子筆尖麵,食/穀類
哇沙米黃金魚卵海鮮飯糰,食/穀類
客製燕麥奶,食/穀類
屋台椒麻特製拉麵,食/穀類
屋台傳統味玉叉燒拉麵,食/穀類
星－二配板巧克力夾心土司,食/穀類
星－二配草莓夾心土司,食/穀類
星—一配明太子龍蝦風味沙拉飯糰,食/穀類
星—一配經典肉鬆飯糰,食/穀類
星—一配鮪魚飯糰,食/穀類
星—一配雞肉飯飯糰,食/穀類
星—二配北海道秋鮭親子飯糰,食/穀類
星—二配經典肉鬆飯糰,食/穀類
星—二配經典蜂蜜鬆餅,食/穀類
星—二配鮪魚飯糰,食/穀類
星—二配雞肉飯飯糰,食/穀類
星—大口宮保雞丁飯糰,食/穀類
星—大口義式香草烤雞飯糰,食/穀類
星—大滿足香辣涼麵,食/穀類
星—大滿足麻醬涼麵,食/穀類
星—日式豬排佐咖哩歐姆蛋燴飯,食/穀類
星—台式麻醬涼麵,食/穀類
星—奶油培根義大利麵,食/穀類
星—白酒蛤蜊義大利麵,食/穀類
星—明太子乳香義大利麵,食/穀類
星—青醬雞肉義大利麵,食/穀類
星—金咖哩濃厚辛辣咖哩飯,食/穀類
星—炭香燒豚飯,食/穀類
星—炸醬炒泡麵,食/穀類
星—香草雞排佐白醬歐姆蛋燴飯,食/穀類
星—健身Ｇ肉餐盒,食/穀類
星—烤蛋白餐盒,食/穀類
星—焗烤燻火腿筆尖麵,食/穀類
星—義式蒜炒雞腿排義大利麵,食/穀類
星—嘉義劉里長雞肉片飯,食/穀類
星—蕃茄肉醬義大利麵,食/穀類
星—糖燻野郎熟成牛飯,食/穀類
星—醬燒炙烤親子丼,食/穀類
星—鐵板滑蛋炸豬排丼,食/穀類
星一鹽水意麵,食/穀類
洪瑞珍三明治,食/穀類
炭火燒肉飯糰,食/穀類
炸湯圓,食/穀類
秋刀魚拼煎餃,食/穀類
紅白湯圓,食/穀類
紅豆麵包,食/穀類
紅油-珍珠抄手8顆,食/穀類
紅蕃茄海鮮燉飯 ,食/穀類
紅燒牛肉麵,食/穀類
美式原味熱狗大亨堡,食/穀類
草莓生貝果,食/穀類
韭菜鍋貼,食/穀類
風味三明治-香燻雞肉,食/穀類
香米白飯,食/穀類
香拌海鮮醬肉絲蛋炒飯,食/穀類
香甜玉米蛋餅,食/穀類
香酥雞腿便當,食/穀類
香腸雞肉飯便當,食/穀類
香蒜金磚,食/穀類
香蔥油條,食/穀類
香蔥鵝油乾拌麵線,食/穀類
香辣醬雞肉烤飯糰,食/穀類
香濃香蕉巧克力冰淇淋鬆餅,食/穀類
香雞丹麥,食/穀類
香鬆起司蛋三明治,食/穀類
便當100元,食/穀類
個人比薩豪爽餐,食/穀類
原味牛角,食/穀類
原塊嫩雞起司漢堡,食/穀類
唐山排骨便當加蛋,食/穀類
夏威夷鳳梨雞肉『麵』,食/穀類
桂冠奶油培根義大利麵,食/穀類
桂冠照燒豬肉炒烏龍,食/穀類
桂格１００％喝的燕麥,食/穀類
桂格10超纖穀豆飯,食/穀類
桂格堅果燕麥飲,食/穀類
桂格燕麥堅果飲,食/穀類
桂格顆粒燕麥飲,食/穀類
氣冷雞-嘉義雞肉三角飯糰,食/穀類
泰式椰汁綠咖哩雞肉飯,食/穀類
海陸雙拼壽司組,食/穀類
海鮮焗烤貝殼麵,食/穀類
烏龍麵,食/穀類
烤蕃薯,食/穀類
烤雞生吐司三明治,食/穀類
烤雞燻腸白醬焗飯,食/穀類
特上鵝肉飯,食/穀類
秘香大雞腿便當,食/穀類
粉紅醬菇菇義大利麵,食/穀類
脆薯薯同樂餐,食/穀類
起士公爵-高纖低糖起司餐包,食/穀類
起司三重奏三明治,食/穀類
起司牛肉可頌,食/穀類
起司里肌可頌,食/穀類
起司馬鈴薯,食/穀類
起司熱狗大亨堡,食/穀類
起司豬肉蛋吐司,食/穀類
配-搖搖薯,食/穀類
配-經典大薯,食/穀類
配-經典中薯,食/穀類
馬玉山32綜合穀類粉,食/穀類
馬鈴薯,食/穀類
高鐵-法式奶酥厚片土司,食/穀類
高鐵便當,食/穀類
紐奧良海鮮飯,食/穀類
乾杯-炭烤燒肉新極大烤飯糰,食/穀類
乾炒牛肉河粉,食/穀類
乾麵,食/穀類
國民餐-魯肉飯,食/穀類
培根蛋餅,食/穀類
排骨雞風味乾麵,食/穀類
排骨麵/無骨,食/穀類
晨光GOLD高纖生土司,食/穀類
晨光葡萄土司,食/穀類
現烤牛奶棒,食/穀類
甜辣雞腿堡,食/穀類
細-榨菜肉絲麵,食/穀類
細麵,食/穀類
菇菇嫩蛋貝果堡,食/穀類
豚骨叉燒拉麵,食/穀類
野菇蔬菜燉飯 ,食/穀類
雪藏生巧銅鑼燒,食/穀類
麥香三明治田園火腿,食/穀類
麥當勞薯條,食/穀類
麻油雞燉飯,食/穀類
麻香口水雞便當,食/穀類
壹號醬壽喜燒牛丼,食/穀類
富貴雙拼燒臘飯,食/穀類
富錦樹-剝皮辣蝦滑蛋燴飯,食/穀類
御料小館奶油培根義大利麵,食/穀類
御料小館番茄肉醬義大利麵,食/穀類
御選-鮮蝦豚骨拉麵,食/穀類
御選川辣麻醬雞絲涼麵,食/穀類
御選肉鬆飯糰,食/穀類
御選麻醬雞絲涼麵,食/穀類
晶華-香烤魚排佐起司青醬燉飯,食/穀類
晶華紐奧良風味烤雞堡,食/穀類
椒麻香蔥雞涼拌麵,食/穀類
椒麻酸菜魚-老油條,食/穀類
椰子麵包,食/穀類
極旨黑咖哩牛飯,食/穀類
極饗-麻油豬肉飯,食/穀類
極饗-滑蛋牛肉燴飯,食/穀類
極饗-奮起湖軟燒肉便當,食/穀類
番薯,食/穀類
番薯（３５元）,食/穀類
番薯（５０元）,食/穀類
祼麥核果麵包,食/穀類
統一肉骨茶碗,食/穀類
統一肉燥風味大號,食/穀類
統一肉燥麵碗,食/穀類
統一來一客杯麵-韓式泡菜風味,食/穀類
統一麵包紅豆麵包,食/穀類
統一麵包菠蘿奶酥,食/穀類
統一麵包菱格香菠蘿,食/穀類
舒肥雞鮮蔬帕里尼,食/穀類
萬丹紅豆銅鑼燒,食/穀類
萬歲牌米果綜合,食/穀類
超級大麥海洋珍珠堡,食/穀類
超級大麥燒肉珍珠堡,食/穀類
黃金三明治,食/穀類
黃金脆薯,食/穀類
黃燜雞米飯,食/穀類
黑松露半熟蛋披薩,食/穀類
黑松露嫩蛋三明治,食/穀類
黑胡椒豬里肌丹麥,食/穀類
黑糖牛角,食/穀類
意麵,食/穀類
意麵(乾),食/穀類
愛恨交織麵,食/穀類
愛餡大亨-爆漿菠蘿,食/穀類
愛麵族鍋燒麵,食/穀類
愛麵族鍋燒麵-什錦海鮮風味,食/穀類
新極上飯糰-冠軍烏魚子,食/穀類
新感覺草莓夾心,食/穀類
楓糖奶霜鬆餅,食/穀類
溏心蛋紐奧良風味烤雞三明治,食/穀類
溫玉鰻魚丼 中,食/穀類
溫度米台梗,食/穀類
經典滷肉飯,食/穀類
義式卡波納拉義大利麵,食/穀類
義式磚壓-培根起士蛋,食/穀類
義美純淨糙米,食/穀類
聖-海苔肉鬆麵包,食/穀類
聖-蜜糖扁可頌,食/穀類
蒜味中卷墨魚燉飯,食/穀類
蒜味牛肉麵,食/穀類
蒜泥白肉便當,食/穀類
蒲燒玉子鰻飯,食/穀類
蒸煮麵,食/穀類
農心辛拉麵,食/穀類
嫩煎雞腿堡,食/穀類
廣達香-肉鬆飯糰,食/穀類
榨菜肉絲拉麵,食/穀類
滿溢玉米軍艦,食/穀類
熔岩奶皇西多士-糖漿,食/穀類
瑪格麗特披薩,食/穀類
瘋狂起司三明治,食/穀類
綜合捲壽司,食/穀類
綜合餃,食/穀類
蔥玉牛丼,食/穀類
蔥油雞汁拌飯飯糰,食/穀類
蔥鹽燒肉飯糰,食/穀類
銅鑼燒麻糬,食/穀類
摩斯炸蝦堡方塊薯組,食/穀類
摩斯豬排堡,食/穀類
歐姆蛋牛肉咖哩飯,食/穀類
歐姆蛋包飯,食/穀類
熱豆沙包,食/穀類
熱壓土司里肌肉蛋,食/穀類
熱壓土司紐奧良風味烤雞,食/穀類
蔬食鮪魚飯糰,食/穀類
蕃茄鮪魚冷義大利麵,食/穀類
蕃薯（３０元）,食/穀類
蕃薯（４０元）,食/穀類
蕃薯（４５元）,食/穀類
銷魂雞肉飯,食/穀類
燒烤雞丼 中,食/穀類
燒鮭親子丼,食/穀類
營養麵條,食/穀類
薯條-大,食/穀類
薯條-小,食/穀類
薯條-中,食/穀類
薯條(大),食/穀類
餐-BLT牛肉堡,食/穀類
餐-大麥克,食/穀類
優質池上飯,食/穀類
總裁牛肉麵套餐,食/穀類
霜降松阪豬-通心麵,食/穀類
韓式辛牛義大利麵,食/穀類
韓式炸雞義大利麵,食/穀類
韓式燒肉泡菜飯糰,食/穀類
韓國麵包,食/穀類
顆粒花生布里歐皇厚吐司,食/穀類
鮪魚沙拉吐司,食/穀類
鮪魚洋芋溏心蛋三明治,食/穀類
鮪魚起司溏心蛋三明治,食/穀類
鮮味綻丼,食/穀類
藍莓乳酪三明治,食/穀類
藍莓果粒貝果,食/穀類
藍莓寒天貝果,食/穀類
燻鮭雙享丼,食/穀類
燻雞總匯鮮蔬三明治,食/穀類
醬烤飯糰,食/穀類
醬燒烤雞三明治,食/穀類
雙倍起司火腿蛋三明治,食/穀類
雙起司火腿蔥抓餅,食/穀類
雙層牛肉堡,食/穀類
雙蔬鮪魚飯糰,食/穀類
雙響泡沙茶鍋燒,食/穀類
雙響泡擔仔湯麵,食/穀類
雜糧石鍋飯,食/穀類
雞汁油蔥手工麵線,食/穀類
雞肉蛋蓋飯,食/穀類
雞蛋沙拉三明治,食/穀類
雞絲蒜味涼麵,食/穀類
雞魯飯(小),食/穀類
鵝肉湯麵,食/穀類
爆漿香蒜餐包,食/穀類
關東煮科學麵,食/穀類
關廟麵,食/穀類
魔力菠蘿,食/穀類
麵條,食/穀類
麵粉,食/穀類
麵線,食/穀類
鐵板麵,食/穀類
鱈場蟹風味棒,食/穀類
讚岐烏龍麵,食/穀類
海味青菜套餐,食/蔬菜類
青菜套餐,食/蔬菜類
有機金針菇,食/蔬菜類
有機雙響菇,食/蔬菜類
VDS活力胡蘿蔔產銷履歷,食/蔬菜類
大白菜,食/蔬菜類
大陸A菜產銷履歷,食/蔬菜類
大黃瓜,食/蔬菜類
小白菜產銷履歷,食/蔬菜類
小香菇,食/蔬菜類
五彩鮮蔬盤,食/蔬菜類
手工高麗菜捲,食/蔬菜類
日本櫛瓜,食/蔬菜類
冬雪菇,食/蔬菜類
甘藍（切）,食/蔬菜類
地瓜葉,食/蔬菜類
有機三星蔥,食/蔬菜類
有機甘藍小,食/蔬菜類
有機好友菇,食/蔬菜類
有機紅蘿蔔,食/蔬菜類
有機黃豆芽,食/蔬菜類
有機黃秋葵,食/蔬菜類
有機黑木耳,食/蔬菜類
有機黑葉白菜,食/蔬菜類
有機綠豆芽,食/蔬菜類
有機鴻禧菇,食/蔬菜類
杏鮑菇,食/蔬菜類
秀珍菇,食/蔬菜類
青江菜,食/蔬菜類
青江菜產銷履歷,食/蔬菜類
青椒(份),食/蔬菜類
青椒串,食/蔬菜類
娃娃菜,食/蔬菜類
珊瑚菇,食/蔬菜類
紅鬚帶殼玉米筍,食/蔬菜類
紅蘿蔔產銷履歷,食/蔬菜類
韭菜水餃,食/蔬菜類
柳松菇,食/蔬菜類
夏雪菇,食/蔬菜類
海苔,食/蔬菜類
海帶/份,食/蔬菜類
特選高山有機高麗菜,食/蔬菜類
配-清爽沙拉,食/蔬菜類
高麗菜,食/蔬菜類
涼拌秋葵,食/蔬菜類
進口大白菜,食/蔬菜類
進口洋蔥,食/蔬菜類
進口洋蔥粒,食/蔬菜類
進口蘿蔔,食/蔬菜類
猴頭菇,食/蔬菜類
絲瓜,食/蔬菜類
絲瓜產銷履歷,食/蔬菜類
越南娃娃菜,食/蔬菜類
黑木耳,食/蔬菜類
溫室小黃瓜產銷履歷,食/蔬菜類
蒜片,食/蔬菜類
翠玉娃娃菜,食/蔬菜類
綠色櫛瓜,食/蔬菜類
精選青椒,食/蔬菜類
豬肚菇,食/蔬菜類
履歷空心菜,食/蔬菜類
履歷綠竹筍,食/蔬菜類
燙青菜,食/蔬菜類
鮑魚菇,食/蔬菜類
櫛瓜產銷履歷,食/蔬菜類
鮮採杏鮑菇,食/蔬菜類
鮮採黑木耳,食/蔬菜類
嚴選筊白筍,食/蔬菜類
